Workbook

Sheet Contry Selection
A1: Area | B1: Export value | C1: Import value | D1: Totale complessivo | E1: NET | F1: Percentual | G1: Type
A2: Australia | B2: 46126915 | C2: 17608824 | D2: 63735739 | E2: 28518091 | F2: 0.72372135 | G2: OECD
A3: Austria | B3: 18256072 | C3: 20105971 | D3: 38362042 | E3: -1849898.9 | F3: 0.47588894 | G3: OECD
A4: Belgium | B4: 62422217 | C4: 52131382 | D4: 1.145536e+08 | E4: 10290835 | F4: 0.54491712 | G4: OECD
A5: Brazil | B5: 1.4189479e+08 | C5: 14925007 | D5: 1.5681979e+08 | E5: 1.2696978e+08 | F5: 0.90482702 | G5: BRICS
A6: Canada | B6: 65303506 | C6: 46607782 | D6: 1.1191129e+08 | E6: 18695724 | F6: 0.58352922 | G6: OECD
A7: Chile | B7: 14633281 | C7: 9802327.5 | D7: 24435609 | E7: 4830953.5 | F7: 0.59885069 | G7: OECD
A8: China | B8: 84328729 | C8: 2.3269723e+08 | D8: 3.1702596e+08 | E8: -1.483685e+08 | F8: 0.26599944 | G8: BRICS
A9: Colombia | B9: 11281114 | C9: 8403599.8 | D9: 19684713 | E9: 2877513.7 | F9: 0.57309006 | G9: OECD
A10: Costa Rica | B10: 6466777.9 | C10: 3062035.9 | D10: 9528813.8 | E10: 3404742.1 | F10: 0.67865508 | G10: OECD
A11: Denmark | B11: 19263170 | C11: 13976002 | D11: 33239172 | E11: 5287168 | F11: 0.57953219 | G11: OECD
A12: Egypt | B12: 10013683 | C12: 18980653 | D12: 28994336 | E12: -8966969.9 | F12: 0.34536687 | G12: BRICS
A13: Estonia | B13: 1952218.4 | C13: 2623352.5 | D13: 4575570.9 | E13: -671134.11 | F13: 0.42666116 | G13: OECD
... A42: United States of America | B42: 172359214 | C42: 2.1236685e+08 | D42: 3.8472606e+08 | E42: -40007634 | F42: 0.44800504 | G42: OECD
A43: Saudi Arabia | B43: 5718807.7 | C43: 29523013 | D43: =SUM(B43:C43) -> 35241820 | E43: =B43-C43 -> -23804205 | F43: =B43/D43 -> 0.16227333 | G43: BRICS
A44: New Zealand | B44: 27005233 | C44: 5811156.5 | D44: =SUM(B44:C44) -> 32816390 | E44: =B44-C44 -> 21194077 | F44: =B44/D44 -> 0.82291908 | G44: OECD

Sheet PanelData
A1: area | B1: Year | C1: Type | D1: GDP_pc | E1: Emissions_CH4 | F1: Emissions_N2O | G1: Emissions_CO2 | H1: Agri_VA_pct | I1: Agri_Land_prc | J1: Cereal_Yield
A2: Australia | B2: 2000 | C2: OECD | D2: =INDEX(GDP_pc!$E:$ZZ, MATCH(A2, GDP_pc!$C:$C, 0), MATCH(B2, GDP_pc!$E$1:$ZZ$1, 0)) -> 4.1690196e+11 | E2: =INDEX(CH4_Em!$E:$ZZ, MATCH(A2, CH4_Em!$C:$C, 0), MATCH(B2, CH4_Em!$E$1:$ZZ$1, 0)) -> 88.5281 | F2: =INDEX(N2O_Em!$E:$ZZ, MATCH(A2, N2O_Em!$C:$C, 0), MATCH(B2, N2O_Em!$E$1:$ZZ$1, 0)) -> 34.8807 | G2: =INDEX(CO2_Em!$E:$ZZ, MATCH(A2, CO2_Em!$C:$C, 0), MATCH(B2, CO2_Em!$E$1:$ZZ$1, 0)) -> 1.253 | H2: =INDEX(Agri_VA!$E:$ZZ, MATCH(A2, Agri_VA!$C:$C, 0), MATCH(B2, Agri_VA!$E$1:$ZZ$1, 0)) -> 3.1063068 | I2: =INDEX('Agri_land '!$E:$ZZ, MATCH(A2, 'Agri_land '!$C:$C, 0), MATCH(B2, 'Agri_land '!$E$1:$ZZ$1, 0)) -> 59.288104 | J2: =INDEX(Cereal_Yield!$E:$ZZ, MATCH(A2, Cereal_Yield!$C:$C, 0), MATCH(B2, Cereal_Yield!$E$1:$ZZ$1, 0)) -> 2107.3
A3: Australia | B3: 2001 | C3: OECD | D3: =INDEX(GDP_pc!$E:$ZZ, MATCH(A3, GDP_pc!$C:$C, 0), MATCH(B3, GDP_pc!$E$1:$ZZ$1, 0)) -> 3.8036022e+11 | E3: =INDEX(CH4_Em!$E:$ZZ, MATCH(A3, CH4_Em!$C:$C, 0), MATCH(B3, CH4_Em!$E$1:$ZZ$1, 0)) -> 87.5876 | F3: =INDEX(N2O_Em!$E:$ZZ, MATCH(A3, N2O_Em!$C:$C, 0), MATCH(B3, N2O_Em!$E$1:$ZZ$1, 0)) -> 34.762 | G3: =INDEX(CO2_Em!$E:$ZZ, MATCH(A3, CO2_Em!$C:$C, 0), MATCH(B3, CO2_Em!$E$1:$ZZ$1, 0)) -> 1.3771 | H3: =INDEX(Agri_VA!$E:$ZZ, MATCH(A3, Agri_VA!$C:$C, 0), MATCH(B3, Agri_VA!$E$1:$ZZ$1, 0)) -> 3.5018709 | I3: =INDEX('Agri_land '!$E:$ZZ, MATCH(A3, 'Agri_land '!$C:$C, 0), MATCH(B3, 'Agri_land '!$E$1:$ZZ$1, 0)) -> 59.318173 | J3: =INDEX(Cereal_Yield!$E:$ZZ, MATCH(A3, Cereal_Yield!$C:$C, 0), MATCH(B3, Cereal_Yield!$E$1:$ZZ$1, 0)) -> 1959.6
A4: Australia | B4: 2002 | C4: OECD | D4: =INDEX(GDP_pc!$E:$ZZ, MATCH(A4, GDP_pc!$C:$C, 0), MATCH(B4, GDP_pc!$E$1:$ZZ$1, 0)) -> 3.9643697e+11 | E4: =INDEX(CH4_Em!$E:$ZZ, MATCH(A4, CH4_Em!$C:$C, 0), MATCH(B4, CH4_Em!$E$1:$ZZ$1, 0)) -> 86.8955 | F4: =INDEX(N2O_Em!$E:$ZZ, MATCH(A4, N2O_Em!$C:$C, 0), MATCH(B4, N2O_Em!$E$1:$ZZ$1, 0)) -> 34.4585 | G4: =INDEX(CO2_Em!$E:$ZZ, MATCH(A4, CO2_Em!$C:$C, 0), MATCH(B4, CO2_Em!$E$1:$ZZ$1, 0)) -> 1.6824 | H4: =INDEX(Agri_VA!$E:$ZZ, MATCH(A4, Agri_VA!$C:$C, 0), MATCH(B4, Agri_VA!$E$1:$ZZ$1, 0)) -> 3.9442512 | I4: =INDEX('Agri_land '!$E:$ZZ, MATCH(A4, 'Agri_land '!$C:$C, 0), MATCH(B4, 'Agri_land '!$E$1:$ZZ$1, 0)) -> 58.1857 | J4: =INDEX(Cereal_Yield!$E:$ZZ, MATCH(A4, Cereal_Yield!$C:$C, 0), MATCH(B4, Cereal_Yield!$E$1:$ZZ$1, 0)) -> 2197.5
A5: Australia | B5: 2003 | C5: OECD | D5: =INDEX(GDP_pc!$E:$ZZ, MATCH(A5, GDP_pc!$C:$C, 0), MATCH(B5, GDP_pc!$E$1:$ZZ$1, 0)) -> 4.6851718e+11 | E5: =INDEX(CH4_Em!$E:$ZZ, MATCH(A5, CH4_Em!$C:$C, 0), MATCH(B5, CH4_Em!$E$1:$ZZ$1, 0)) -> 82.2352 | F5: =INDEX(N2O_Em!$E:$ZZ, MATCH(A5, N2O_Em!$C:$C, 0), MATCH(B5, N2O_Em!$E$1:$ZZ$1, 0)) -> 31.846 | G5: =INDEX(CO2_Em!$E:$ZZ, MATCH(A5, CO2_Em!$C:$C, 0), MATCH(B5, CO2_Em!$E$1:$ZZ$1, 0)) -> 1.5745 | H5: =INDEX(Agri_VA!$E:$ZZ, MATCH(A5, Agri_VA!$C:$C, 0), MATCH(B5, Agri_VA!$E$1:$ZZ$1, 0)) -> 2.8873358 | I5: =INDEX('Agri_land '!$E:$ZZ, MATCH(A5, 'Agri_land '!$C:$C, 0), MATCH(B5, 'Agri_land '!$E$1:$ZZ$1, 0)) -> 57.209429 | J5: =INDEX(Cereal_Yield!$E:$ZZ, MATCH(A5, Cereal_Yield!$C:$C, 0), MATCH(B5, Cereal_Yield!$E$1:$ZZ$1, 0)) -> 1020.7
A6: Australia | B6: 2004 | C6: OECD | D6: =INDEX(GDP_pc!$E:$ZZ, MATCH(A6, GDP_pc!$C:$C, 0), MATCH(B6, GDP_pc!$E$1:$ZZ$1, 0)) -> 6.1564305e+11 | E6: =INDEX(CH4_Em!$E:$ZZ, MATCH(A6, CH4_Em!$C:$C, 0), MATCH(B6, CH4_Em!$E$1:$ZZ$1, 0)) -> 85.0559 | F6: =INDEX(N2O_Em!$E:$ZZ, MATCH(A6, N2O_Em!$C:$C, 0), MATCH(B6, N2O_Em!$E$1:$ZZ$1, 0)) -> 34.7715 | G6: =INDEX(CO2_Em!$E:$ZZ, MATCH(A6, CO2_Em!$C:$C, 0), MATCH(B6, CO2_Em!$E$1:$ZZ$1, 0)) -> 1.7662 | H6: =INDEX(Agri_VA!$E:$ZZ, MATCH(A6, Agri_VA!$C:$C, 0), MATCH(B6, Agri_VA!$E$1:$ZZ$1, 0)) -> 3.0582192 | I6: =INDEX('Agri_land '!$E:$ZZ, MATCH(A6, 'Agri_land '!$C:$C, 0), MATCH(B6, 'Agri_land '!$E$1:$ZZ$1, 0)) -> 51.404657 | J6: =INDEX(Cereal_Yield!$E:$ZZ, MATCH(A6, Cereal_Yield!$C:$C, 0), MATCH(B6, Cereal_Yield!$E$1:$ZZ$1, 0)) -> 2116.4
A7: Australia | B7: 2005 | C7: OECD | D7: =INDEX(GDP_pc!$E:$ZZ, MATCH(A7, GDP_pc!$C:$C, 0), MATCH(B7, GDP_pc!$E$1:$ZZ$1, 0)) -> 6.9681149e+11 | E7: =INDEX(CH4_Em!$E:$ZZ, MATCH(A7, CH4_Em!$C:$C, 0), MATCH(B7, CH4_Em!$E$1:$ZZ$1, 0)) -> 85.5892 | F7: =INDEX(N2O_Em!$E:$ZZ, MATCH(A7, N2O_Em!$C:$C, 0), MATCH(B7, N2O_Em!$E$1:$ZZ$1, 0)) -> 34.2219 | G7: =INDEX(CO2_Em!$E:$ZZ, MATCH(A7, CO2_Em!$C:$C, 0), MATCH(B7, CO2_Em!$E$1:$ZZ$1, 0)) -> 1.6164 | H7: =INDEX(Agri_VA!$E:$ZZ, MATCH(A7, Agri_VA!$C:$C, 0), MATCH(B7, Agri_VA!$E$1:$ZZ$1, 0)) -> 2.8892149 | I7: =INDEX('Agri_land '!$E:$ZZ, MATCH(A7, 'Agri_land '!$C:$C, 0), MATCH(B7, 'Agri_land '!$E$1:$ZZ$1, 0)) -> 53.399373 | J7: =INDEX(Cereal_Yield!$E:$ZZ, MATCH(A7, Cereal_Yield!$C:$C, 0), MATCH(B7, Cereal_Yield!$E$1:$ZZ$1, 0)) -> 1694.6
A8: Australia | B8: 2006 | C8: OECD | D8: =INDEX(GDP_pc!$E:$ZZ, MATCH(A8, GDP_pc!$C:$C, 0), MATCH(B8, GDP_pc!$E$1:$ZZ$1, 0)) -> 7.4970837e+11 | E8: =INDEX(CH4_Em!$E:$ZZ, MATCH(A8, CH4_Em!$C:$C, 0), MATCH(B8, CH4_Em!$E$1:$ZZ$1, 0)) -> 85.0017 | F8: =INDEX(N2O_Em!$E:$ZZ, MATCH(A8, N2O_Em!$C:$C, 0), MATCH(B8, N2O_Em!$E$1:$ZZ$1, 0)) -> 33.2678 | G8: =INDEX(CO2_Em!$E:$ZZ, MATCH(A8, CO2_Em!$C:$C, 0), MATCH(B8, CO2_Em!$E$1:$ZZ$1, 0)) -> 1.5009 | H8: =INDEX(Agri_VA!$E:$ZZ, MATCH(A8, Agri_VA!$C:$C, 0), MATCH(B8, Agri_VA!$E$1:$ZZ$1, 0)) -> 2.7401132 | I8: =INDEX('Agri_land '!$E:$ZZ, MATCH(A8, 'Agri_land '!$C:$C, 0), MATCH(B8, 'Agri_land '!$E$1:$ZZ$1, 0)) -> 53.278575 | J8: =INDEX(Cereal_Yield!$E:$ZZ, MATCH(A8, Cereal_Yield!$C:$C, 0), MATCH(B8, Cereal_Yield!$E$1:$ZZ$1, 0)) -> 2111.7
A9: Australia | B9: 2007 | C9: OECD | D9: =INDEX(GDP_pc!$E:$ZZ, MATCH(A9, GDP_pc!$C:$C, 0), MATCH(B9, GDP_pc!$E$1:$ZZ$1, 0)) -> 8.566036e+11 | E9: =INDEX(CH4_Em!$E:$ZZ, MATCH(A9, CH4_Em!$C:$C, 0), MATCH(B9, CH4_Em!$E$1:$ZZ$1, 0)) -> 82.57 | F9: =INDEX(N2O_Em!$E:$ZZ, MATCH(A9, N2O_Em!$C:$C, 0), MATCH(B9, N2O_Em!$E$1:$ZZ$1, 0)) -> 31.3726 | G9: =INDEX(CO2_Em!$E:$ZZ, MATCH(A9, CO2_Em!$C:$C, 0), MATCH(B9, CO2_Em!$E$1:$ZZ$1, 0)) -> 1.4408 | H9: =INDEX(Agri_VA!$E:$ZZ, MATCH(A9, Agri_VA!$C:$C, 0), MATCH(B9, Agri_VA!$E$1:$ZZ$1, 0)) -> 2.2128103 | I9: =INDEX('Agri_land '!$E:$ZZ, MATCH(A9, 'Agri_land '!$C:$C, 0), MATCH(B9, 'Agri_land '!$E$1:$ZZ$1, 0)) -> 51.853677 | J9: =INDEX(Cereal_Yield!$E:$ZZ, MATCH(A9, Cereal_Yield!$C:$C, 0), MATCH(B9, Cereal_Yield!$E$1:$ZZ$1, 0)) -> 981.3
A10: Australia | B10: 2008 | C10: OECD | D10: =INDEX(GDP_pc!$E:$ZZ, MATCH(A10, GDP_pc!$C:$C, 0), MATCH(B10, GDP_pc!$E$1:$ZZ$1, 0)) -> 1.0584482e+12 | E10: =INDEX(CH4_Em!$E:$ZZ, MATCH(A10, CH4_Em!$C:$C, 0), MATCH(B10, CH4_Em!$E$1:$ZZ$1, 0)) -> 78.6682 | F10: =INDEX(N2O_Em!$E:$ZZ, MATCH(A10, N2O_Em!$C:$C, 0), MATCH(B10, N2O_Em!$E$1:$ZZ$1, 0)) -> 30.3615 | G10: =INDEX(CO2_Em!$E:$ZZ, MATCH(A10, CO2_Em!$C:$C, 0), MATCH(B10, CO2_Em!$E$1:$ZZ$1, 0)) -> 1.4447 | H10: =INDEX(Agri_VA!$E:$ZZ, MATCH(A10, Agri_VA!$C:$C, 0), MATCH(B10, Agri_VA!$E$1:$ZZ$1, 0)) -> 2.3541791 | I10: =INDEX('Agri_land '!$E:$ZZ, MATCH(A10, 'Agri_land '!$C:$C, 0), MATCH(B10, 'Agri_land '!$E$1:$ZZ$1, 0)) -> 50.673366 | J10: =INDEX(Cereal_Yield!$E:$ZZ, MATCH(A10, Cereal_Yield!$C:$C, 0), MATCH(B10, Cereal_Yield!$E$1:$ZZ$1, 0)) -> 1332.7
A11: Australia | B11: 2009 | C11: OECD | D11: =INDEX(GDP_pc!$E:$ZZ, MATCH(A11, GDP_pc!$C:$C, 0), MATCH(B11, GDP_pc!$E$1:$ZZ$1, 0)) -> 9.3176169e+11 | E11: =INDEX(CH4_Em!$E:$ZZ, MATCH(A11, CH4_Em!$C:$C, 0), MATCH(B11, CH4_Em!$E$1:$ZZ$1, 0)) -> 79.3246 | F11: =INDEX(N2O_Em!$E:$ZZ, MATCH(A11, N2O_Em!$C:$C, 0), MATCH(B11, N2O_Em!$E$1:$ZZ$1, 0)) -> 30.8146 | G11: =INDEX(CO2_Em!$E:$ZZ, MATCH(A11, CO2_Em!$C:$C, 0), MATCH(B11, CO2_Em!$E$1:$ZZ$1, 0)) -> 1.4902 | H11: =INDEX(Agri_VA!$E:$ZZ, MATCH(A11, Agri_VA!$C:$C, 0), MATCH(B11, Agri_VA!$E$1:$ZZ$1, 0)) -> 2.3142357 | I11: =INDEX('Agri_land '!$E:$ZZ, MATCH(A11, 'Agri_land '!$C:$C, 0), MATCH(B11, 'Agri_land '!$E$1:$ZZ$1, 0)) -> 50.018484 | J11: =INDEX(Cereal_Yield!$E:$ZZ, MATCH(A11, Cereal_Yield!$C:$C, 0), MATCH(B11, Cereal_Yield!$E$1:$ZZ$1, 0)) -> 1651.4
A12: Australia | B12: 2010 | C12: OECD | D12: =INDEX(GDP_pc!$E:$ZZ, MATCH(A12, GDP_pc!$C:$C, 0), MATCH(B12, GDP_pc!$E$1:$ZZ$1, 0)) -> 1.1525666e+12 | E12: =INDEX(CH4_Em!$E:$ZZ, MATCH(A12, CH4_Em!$C:$C, 0), MATCH(B12, CH4_Em!$E$1:$ZZ$1, 0)) -> 75.9109 | F12: =INDEX(N2O_Em!$E:$ZZ, MATCH(A12, N2O_Em!$C:$C, 0), MATCH(B12, N2O_Em!$E$1:$ZZ$1, 0)) -> 30.5887 | G12: =INDEX(CO2_Em!$E:$ZZ, MATCH(A12, CO2_Em!$C:$C, 0), MATCH(B12, CO2_Em!$E$1:$ZZ$1, 0)) -> 1.6956 | H12: =INDEX(Agri_VA!$E:$ZZ, MATCH(A12, Agri_VA!$C:$C, 0), MATCH(B12, Agri_VA!$E$1:$ZZ$1, 0)) -> 2.2182484 | I12: =INDEX('Agri_land '!$E:$ZZ, MATCH(A12, 'Agri_land '!$C:$C, 0), MATCH(B12, 'Agri_land '!$E$1:$ZZ$1, 0)) -> 48.992099 | J12: =INDEX(Cereal_Yield!$E:$ZZ, MATCH(A12, Cereal_Yield!$C:$C, 0), MATCH(B12, Cereal_Yield!$E$1:$ZZ$1, 0)) -> 1661.5
A13: Australia | B13: 2011 | C13: OECD | D13: =INDEX(GDP_pc!$E:$ZZ, MATCH(A13, GDP_pc!$C:$C, 0), MATCH(B13, GDP_pc!$E$1:$ZZ$1, 0)) -> 1.4029399e+12 | E13: =INDEX(CH4_Em!$E:$ZZ, MATCH(A13, CH4_Em!$C:$C, 0), MATCH(B13, CH4_Em!$E$1:$ZZ$1, 0)) -> 81.325 | F13: =INDEX(N2O_Em!$E:$ZZ, MATCH(A13, N2O_Em!$C:$C, 0), MATCH(B13, N2O_Em!$E$1:$ZZ$1, 0)) -> 32.9616 | G13: =INDEX(CO2_Em!$E:$ZZ, MATCH(A13, CO2_Em!$C:$C, 0), MATCH(B13, CO2_Em!$E$1:$ZZ$1, 0)) -> 1.8323 | H13: =INDEX(Agri_VA!$E:$ZZ, MATCH(A13, Agri_VA!$C:$C, 0), MATCH(B13, Agri_VA!$E$1:$ZZ$1, 0)) -> 2.3048596 | I13: =INDEX('Agri_land '!$E:$ZZ, MATCH(A13, 'Agri_land '!$C:$C, 0), MATCH(B13, 'Agri_land '!$E$1:$ZZ$1, 0)) -> 51.562813 | J13: =INDEX(Cereal_Yield!$E:$ZZ, MATCH(A13, Cereal_Yield!$C:$C, 0), MATCH(B13, Cereal_Yield!$E$1:$ZZ$1, 0)) -> 2097.5
... A961: United States of America | B961: 2023 | C961: OECD | D961: =INDEX(GDP_pc!$E:$ZZ, MATCH(A961, GDP_pc!$C:$C, 0), MATCH(B961, GDP_pc!$E$1:$ZZ$1, 0)) -> 2.7292171e+13 | E961: =INDEX(CH4_Em!$E:$ZZ, MATCH(A961, CH4_Em!$C:$C, 0), MATCH(B961, CH4_Em!$E$1:$ZZ$1, 0)) -> 258.963 | F961: =INDEX(N2O_Em!$E:$ZZ, MATCH(A961, N2O_Em!$C:$C, 0), MATCH(B961, N2O_Em!$E$1:$ZZ$1, 0)) -> 137.6557 | G961: =INDEX(CO2_Em!$E:$ZZ, MATCH(A961, CO2_Em!$C:$C, 0), MATCH(B961, CO2_Em!$E$1:$ZZ$1, 0)) -> 6.804 | H961: =INDEX(Agri_VA!$E:$ZZ, MATCH(A961, Agri_VA!$C:$C, 0), MATCH(B961, Agri_VA!$E$1:$ZZ$1, 0)) -> .. | I961: =INDEX('Agri_land '!$E:$ZZ, MATCH(A961, 'Agri_land '!$C:$C, 0), MATCH(B961, 'Agri_land '!$E$1:$ZZ$1, 0)) -> 46.082979 | J961: =INDEX(Cereal_Yield!$E:$ZZ, MATCH(A961, Cereal_Yield!$C:$C, 0), MATCH(B961, Cereal_Yield!$E$1:$ZZ$1, 0)) -> 8329.7

Sheet GDP_pc
A1: Series Name | B1: Series Code | C1: Country Name | D1: Country Code | E1: 2000 | F1: 2001 | G1: 2002 | H1: 2003 | I1: 2004 | J1: 2005 | K1: 2006 | L1: 2007 | M1: 2008 | N1: 2009 | O1: 2010 | P1: 2011 | Q1: 2012 | R1: 2013 | S1: 2014 | T1: 2015 | U1: 2016 | V1: 2017 | W1: 2018 | X1: 2019 | Y1: 2020 | Z1: 2021 | AA1: 2022 | AB1: 2023
A2: GDP (current US$) | B2: NY.GDP.MKTP.CD | C2: Afghanistan | D2: AFG | E2: 3.5214181e+09 | F2: 2.8135718e+09 | G2: 3.8257014e+09 | H2: 4.5209468e+09 | I2: 5.2248967e+09 | J2: 6.2032565e+09 | K2: 6.9717583e+09 | L2: 9.7478862e+09 | M2: 1.0109297e+10 | N2: 1.2416153e+10 | O2: 1.5856669e+10 | P2: 1.7805098e+10 | Q2: 1.990733e+10 | R2: 2.0146417e+10 | S2: 2.0497129e+10 | T2: 1.9134222e+10 | U2: 1.8116572e+10 | V2: 1.8753456e+10 | W2: 1.8053223e+10 | X2: 1.8799444e+10 | Y2: 1.9955929e+10 | Z2: 1.4259995e+10 | AA2: 1.4497244e+10 | AB2: 1.7152235e+10
A3: GDP (current US$) | B3: NY.GDP.MKTP.CD | C3: Albania | D3: ALB | E3: 3.5845702e+09 | F3: 4.059064e+09 | G3: 4.5150031e+09 | H3: 5.801712e+09 | I3: 7.4066458e+09 | J3: 8.2566582e+09 | K3: 9.1505281e+09 | L3: 1.1116938e+10 | M3: 1.3258506e+10 | N3: 1.2335541e+10 | O3: 1.2086546e+10 | P3: 1.2973756e+10 | Q3: 1.22465e+10 | R3: 1.2796986e+10 | S3: 1.3296323e+10 | T3: 1.1470172e+10 | U3: 1.1988669e+10 | V3: 1.3258268e+10 | W3: 1.5379508e+10 | X3: 1.5585112e+10 | Y3: 1.5241459e+10 | Z3: 1.803199e+10 | AA3: 1.9017247e+10 | AB3: 2.3491243e+10
A4: GDP (current US$) | B4: NY.GDP.MKTP.CD | C4: Algeria | D4: DZA | E4: 5.4790399e+10 | F4: 5.9413401e+10 | G4: 6.1516103e+10 | H4: 7.3482264e+10 | I4: 9.1913681e+10 | J4: 1.0704662e+11 | K4: 1.2308426e+11 | L4: 1.4248274e+11 | M4: 1.8038385e+11 | N4: 1.5031729e+11 | O4: 1.7778505e+11 | P4: 2.1833195e+11 | Q4: 2.2714375e+11 | R4: 2.2970143e+11 | S4: 2.3894266e+11 | T4: 1.8749386e+11 | U4: 1.8076384e+11 | V4: 1.898809e+11 | W4: 1.9455448e+11 | X4: 1.9345966e+11 | Y4: 1.6487342e+11 | Z4: 1.8623121e+11 | AA4: 2.2558164e+11 | AB4: 2.4792389e+11
A5: GDP (current US$) | B5: NY.GDP.MKTP.CD | C5: American Samoa | D5: ASM | E5: .. | F5: .. | G5: 512000000 | H5: 524000000 | I5: 509000000 | J5: 500000000 | K5: 493000000 | L5: 518000000 | M5: 560000000 | N5: 675000000 | O5: 573000000 | P5: 570000000 | Q5: 640000000 | R5: 638000000 | S5: 643000000 | T5: 673000000 | U5: 671000000 | V5: 612000000 | W5: 639000000 | X5: 647000000 | Y5: 721000000 | Z5: 750000000 | AA5: 871000000 | AB5: ..
A6: GDP (current US$) | B6: NY.GDP.MKTP.CD | C6: Andorra | D6: AND | E6: 1.4326063e+09 | F6: 1.5482659e+09 | G6: 1.7642798e+09 | H6: 2.3669416e+09 | I6: 2.9002441e+09 | J6: 3.1610848e+09 | K6: 3.4593368e+09 | L6: 3.9576275e+09 | M6: 4.1023175e+09 | N6: 3.6889748e+09 | O6: 3.4499257e+09 | P6: 3.6291331e+09 | Q6: 3.1886533e+09 | R6: 3.1935135e+09 | S6: 3.2716865e+09 | T6: 2.7898826e+09 | U6: 2.8966119e+09 | V6: 3.0001604e+09 | W6: 3.2184186e+09 | X6: 3.1551503e+09 | Y6: 2.8910025e+09 | Z6: 3.3246481e+09 | AA6: 3.3806117e+09 | AB6: 3.7850655e+09
A7: GDP (current US$) | B7: NY.GDP.MKTP.CD | C7: Angola | D7: AGO | E7: 9.129595e+09 | F7: 8.9360791e+09 | G7: 1.7311512e+10 | H7: 2.0342128e+10 | I7: 2.6997978e+10 | J7: 4.1396636e+10 | K7: 5.865366e+10 | L7: 7.3037822e+10 | M7: 9.8790433e+10 | N7: 8.1705175e+10 | O7: 9.554692e+10 | P7: 1.2555163e+11 | Q7: 1.4357291e+11 | R7: 1.488452e+11 | S7: 1.5344986e+11 | T7: 1.0254307e+11 | U7: 5.987825e+10 | V7: 8.4376936e+10 | W7: 8.9512794e+10 | X7: 8.0734429e+10 | Y7: 5.8852456e+10 | Z7: 7.9559544e+10 | AA7: 1.3121221e+11 | AB7: 1.0716775e+11
A8: GDP (current US$) | B8: NY.GDP.MKTP.CD | C8: Antigua and Barbuda | D8: ATG | E8: 9.010037e+08 | F8: 8.7777407e+08 | G8: 8.9809259e+08 | H8: 9.481e+08 | I8: 1.0263296e+09 | J8: 1.1438963e+09 | K8: 1.3036741e+09 | L8: 1.4873815e+09 | M8: 1.5576407e+09 | N8: 1.3865185e+09 | O8: 1.2983481e+09 | P8: 1.2873593e+09 | Q8: 1.3647296e+09 | R8: 1.3254963e+09 | S8: 1.3787074e+09 | T8: 1.4374852e+09 | U8: 1.4896037e+09 | V8: 1.5348556e+09 | W8: 1.6615296e+09 | X8: 1.7264481e+09 | Y8: 1.411637e+09 | Z8: 1.6021259e+09 | AA8: 1.8665667e+09 | AB8: 2.0057852e+09
A9: GDP (current US$) | B9: NY.GDP.MKTP.CD | C9: Argentina | D9: ARG | E9: 284203750000 | F9: 268696750000 | G9: 9.7724004e+10 | H9: 1.2758697e+11 | I9: 1.6465793e+11 | J9: 1.987371e+11 | K9: 2.3255726e+11 | L9: 2.8753051e+11 | M9: 3.6155804e+11 | N9: 3.3297648e+11 | O9: 4.2362742e+11 | P9: 5.3015812e+11 | Q9: 5.4598238e+11 | R9: 5.5202514e+11 | S9: 5.2631967e+11 | T9: 5.9474929e+11 | U9: 5.5753232e+11 | V9: 6.4362839e+11 | W9: 5.2481989e+11 | X9: 4.4775468e+11 | Y9: 3.8574051e+11 | Z9: 4.8656409e+11 | AA9: 6.3399376e+11 | AB9: 6.4946169e+11
A10: GDP (current US$) | B10: NY.GDP.MKTP.CD | C10: Armenia | D10: ARM | E10: 1.9115637e+09 | F10: 2.1184679e+09 | G10: 2.376335e+09 | H10: 2.807061e+09 | I10: 3.5766152e+09 | J10: 4.9004695e+09 | K10: 6.3844521e+09 | L10: 9.2063013e+09 | M10: 1.1662041e+10 | N10: 8.6479371e+09 | O10: 9.2602858e+09 | P10: 1.0142112e+10 | Q10: 1.0619321e+10 | R10: 1.1121464e+10 | S10: 1.1609513e+10 | T10: 1.0553338e+10 | U10: 1.0546136e+10 | V10: 1.1527459e+10 | W10: 1.2457941e+10 | X10: 1.3619291e+10 | Y10: 1.2641699e+10 | Z10: 1.3878909e+10 | AA10: 1.9513507e+10 | AB10: 2.4185982e+10
A11: GDP (current US$) | B11: NY.GDP.MKTP.CD | C11: Aruba | D11: ABW | E11: 1.8734525e+09 | F11: 1.896457e+09 | G11: 1.9618436e+09 | H11: 2.0441117e+09 | I11: 2.2548307e+09 | J11: 2.3600173e+09 | K11: 2.4697827e+09 | L11: 2.6776413e+09 | M11: 2.8430246e+09 | N11: 2.5537933e+09 | O11: 2.4535972e+09 | P11: 2.6378592e+09 | Q11: 2.6152084e+09 | R11: 2.7278492e+09 | S11: 2.7908497e+09 | T11: 2.9629067e+09 | U11: 2.9836374e+09 | V11: 3.0924279e+09 | W11: 3.2761877e+09 | X11: 3.3466232e+09 | Y11: 2.4714192e+09 | Z11: 2.8809028e+09 | AA11: 3.3240344e+09 | AB11: 3.8347296e+09
A12: GDP (current US$) | B12: NY.GDP.MKTP.CD | C12: Australia | D12: AUS | E12: 4.1690196e+11 | F12: 3.8036022e+11 | G12: 3.9643697e+11 | H12: 4.6851718e+11 | I12: 6.1564305e+11 | J12: 6.9681149e+11 | K12: 7.4970837e+11 | L12: 8.566036e+11 | M12: 1.0584482e+12 | N12: 9.3176169e+11 | O12: 1.1525666e+12 | P12: 1.4029399e+12 | Q12: 1.5527284e+12 | R12: 1.5837375e+12 | S12: 1.474677e+12 | T12: 1.3568058e+12 | U12: 1.2115881e+12 | V12: 1.3308906e+12 | W12: 1.433145e+12 | X12: 1.3983496e+12 | Y12: 1.3333365e+12 | Z12: 1.5606175e+12 | AA12: 1.6956275e+12 | AB12: 1.7344513e+12
A13: GDP (current US$) | B13: NY.GDP.MKTP.CD | C13: Austria | D13: AUT | E13: 1.961816e+11 | F13: 1.9647721e+11 | G13: 2.1283722e+11 | H13: 2.6077983e+11 | I13: 2.9921041e+11 | J13: 3.1395232e+11 | K13: 3.3390598e+11 | L13: 3.8676018e+11 | M13: 4.292344e+11 | N13: 3.9929012e+11 | O13: 3.8982779e+11 | P13: 4.2895474e+11 | Q13: 4.0675049e+11 | R13: 4.265805e+11 | S13: 4.3855602e+11 | T13: 3.795461e+11 | U13: 3.9368736e+11 | V13: 4.1492614e+11 | W13: 4.5258229e+11 | X13: 4.4298364e+11 | Y13: 4.343976e+11 | Z13: 4.8046636e+11 | AA13: 4.732213e+11 | AB13: 5.1667051e+11
A14: GDP (current US$) | B14: NY.GDP.MKTP.CD | C14: Azerbaijan | D14: AZE | E14: 5.2726157e+09 | F14: 5.7076162e+09 | G14: 6.2360877e+09 | H14: 7.2764131e+09 | I14: 8.6804057e+09 | J14: 1.3245422e+10 | K14: 2.0981929e+10 | L14: 3.3049419e+10 | M14: 4.8851294e+10 | N14: 4.4292427e+10 | O14: 5.2909295e+10 | P14: 6.5952796e+10 | Q14: 6.9679945e+10 | R14: 7.416056e+10 | S14: 7.5239785e+10 | T14: 5.3076235e+10 | U14: 3.7866997e+10 | V14: 4.0866627e+10 | W14: 4.711247e+10 | X14: 4.8174235e+10 | Y14: 42693000000 | Z14: 5.4825412e+10 | AA14: 7.8807471e+10 | AB14: 7.2428471e+10
A15: GDP (current US$) | B15: NY.GDP.MKTP.CD | C15: Bahamas, The | D15: BHS | E15: 8076470000 | F15: 8317830000 | G15: 8881160000 | H15: 8870090000 | I15: 9055290000 | J15: 9836200000 | K15: 10167250000 | L15: 10618340000 | M15: 10526000000 | N15: 9981960000 | O15: 10095760000 | P15: 10070450000 | Q15: 10720400000 | R15: 10475300000 | S15: 11139100000 | T15: 11837600000 | U15: 11880900000 | V15: 12446900000 | W15: 12819200000 | X15: 13277000000 | Y15: 10363200000 | Z15: 12037000000 | AA15: 13896800000 | AB15: 15271300000
A16: GDP (current US$) | B16: NY.GDP.MKTP.CD | C16: Bahrain | D16: BHR | E16: 9.0628989e+09 | F16: 8.9761968e+09 | G16: 9.5935106e+09 | H16: 1.1074814e+10 | I16: 1.315016e+10 | J16: 1.5968723e+10 | K16: 1.8504761e+10 | L16: 21730000000 | M16: 2.5710904e+10 | N16: 2.2938218e+10 | O16: 2.6805984e+10 | P16: 2.9914681e+10 | Q16: 3.1963404e+10 | R16: 3.3823324e+10 | S16: 3.4772527e+10 | T16: 3.2523298e+10 | U16: 3.3884681e+10 | V16: 3.7204814e+10 | W16: 3.9567979e+10 | X16: 4.0446809e+10 | Y16: 3.5837633e+10 | Z16: 4.0840213e+10 | AA16: 4.6458191e+10 | AB16: 4.6192261e+10
A17: GDP (current US$) | B17: NY.GDP.MKTP.CD | C17: Bangladesh | D17: BGD | E17: 5.3369787e+10 | F17: 5.399129e+10 | G17: 5.4724081e+10 | H17: 6.0158929e+10 | I17: 6.5108544e+10 | J17: 6.9476001e+10 | K17: 7.1795736e+10 | L17: 7.9611645e+10 | M17: 9.1636997e+10 | N17: 1.0247516e+11 | O17: 1.1527554e+11 | P17: 1.2860748e+11 | Q17: 1.3331075e+11 | R17: 1.4999896e+11 | S17: 1.7288661e+11 | T17: 1.9514661e+11 | U17: 2.6522452e+11 | V17: 2.9373245e+11 | W17: 3.2136275e+11 | X17: 3.5123165e+11 | Y17: 3.7397944e+11 | Z17: 4.1627165e+11 | AA17: 4.6013169e+11 | AB17: 4.3741533e+11
... A28: GDP (current US$) | B28: NY.GDP.MKTP.CD | C28: Brazil | D28: BRA | E28: 6.5544819e+11 | F28: 5.599837e+11 | G28: 5.0979527e+11 | H28: 5.5823372e+11 | I28: 6.6928932e+11 | J28: 8.9163383e+11 | K28: 1.1076267e+12 | L28: 1.3971142e+12 | M28: 1.6958554e+12 | N28: 1.6669963e+12 | O28: 2.2088381e+12 | P28: 2.6161566e+12 | Q28: 2.4652283e+12 | R28: 2.4728194e+12 | S28: 2.4560438e+12 | T28: 1.802212e+12 | U28: 1.7956933e+12 | V28: 2.0635147e+12 | W28: 1.9169337e+12 | X28: 1.8732882e+12 | Y28: 1.4761073e+12 | Z28: 1.6706475e+12 | AA28: 1.9519238e+12 | AB28: 2.1911319e+12
A29: GDP (current US$) | B29: NY.GDP.MKTP.CD | C29: British Virgin Islands | D29: VGB | E29: .. | F29: .. | G29: .. | H29: .. | I29: .. | J29: .. | K29: .. | L29: .. | M29: .. | N29: .. | O29: .. | P29: .. | Q29: .. | R29: .. | S29: .. | T29: .. | U29: .. | V29: .. | W29: .. | X29: .. | Y29: .. | Z29: .. | AA29: .. | AB29: ..
A30: GDP (current US$) | B30: NY.GDP.MKTP.CD | C30: Brunei Darussalam | D30: BRN | E30: 6.5709991e+09 | F30: 6.0961558e+09 | G30: 6.3330829e+09 | H30: 7.1677253e+09 | I30: 8.6191788e+09 | J30: 1.0547203e+10 | K30: 1.2644616e+10 | L30: 1.3432029e+10 | M30: 1.5926457e+10 | N30: 1.1912905e+10 | O30: 1.3707121e+10 | P30: 1.8524791e+10 | Q30: 1.9048443e+10 | R30: 1.8094148e+10 | S30: 1.7097797e+10 | T30: 1.2930297e+10 | U30: 1.1400266e+10 | V30: 1.2128168e+10 | W30: 1.3566908e+10 | X30: 1.3469235e+10 | Y30: 1.20058e+10 | Z30: 1.4006497e+10 | AA30: 1.6681536e+10 | AB30: 1.5095085e+10
A31: GDP (current US$) | B31: NY.GDP.MKTP.CD | C31: Bulgaria | D31: BGR | E31: 1.324599e+10 | F31: 1.4183446e+10 | G31: 1.6403044e+10 | H31: 2.1144958e+10 | I31: 2.6157743e+10 | J31: 2.9868658e+10 | K31: 3.4380536e+10 | L31: 4.4431257e+10 | M31: 5.4480684e+10 | N31: 5.2023801e+10 | O31: 5.0689051e+10 | P31: 5.7681293e+10 | Q31: 5.4297052e+10 | R31: 5.5819262e+10 | S31: 5.7080897e+10 | T31: 5.0765918e+10 | U31: 5.3929397e+10 | V31: 5.9167647e+10 | W31: 6.6097226e+10 | X31: 6.8507731e+10 | Y31: 7.0486878e+10 | Z31: 8.4374613e+10 | AA31: 9.0506153e+10 | AB31: 1.0219923e+11
A32: GDP (current US$) | B32: NY.GDP.MKTP.CD | C32: Burkina Faso | D32: BFA | E32: 2.9683701e+09 | F32: 3.1903711e+09 | G32: 3.6223501e+09 | H32: 4.7407681e+09 | I32: 5.4516885e+09 | J32: 6.1463532e+09 | K32: 6.5474198e+09 | L32: 7.6257228e+09 | M32: 9.4514355e+09 | N32: 9.4506969e+09 | O32: 1.010962e+10 | P32: 1.2080296e+10 | Q32: 1.2561015e+10 | R32: 1.34443e+10 | S32: 1.3943016e+10 | T32: 1.1832159e+10 | U32: 1.2833363e+10 | V32: 1.4106956e+10 | W32: 1.5890066e+10 | X32: 1.6032814e+10 | Y32: 1.7725011e+10 | Z32: 1.9697516e+10 | AA32: 1.8622421e+10 | AB32: 2.0112614e+10
A33: GDP (current US$) | B33: NY.GDP.MKTP.CD | C33: Burundi | D33: BDI | E33: 8.7048607e+08 | F33: 8.7679472e+08 | G33: 8.2539452e+08 | H33: 7.8465442e+08 | I33: 9.1525732e+08 | J33: 1.1171131e+09 | K33: 1.2733751e+09 | L33: 1.3561994e+09 | M33: 1.6118359e+09 | N33: 1.775495e+09 | O33: 2.0321352e+09 | P33: 2.2358129e+09 | Q33: 2.3274024e+09 | R33: 2.4516246e+09 | S33: 2.7058266e+09 | T33: 2.8105329e+09 | U33: 2.6180931e+09 | V33: 2.8313622e+09 | W33: 2.9134114e+09 | X33: 2.8715553e+09 | Y33: 3.2278473e+09 | Z33: 3.4355981e+09 | AA33: 4.0361926e+09 | AB33: 3.4309492e+09
A34: GDP (current US$) | B34: NY.GDP.MKTP.CD | C34: Cabo Verde | D34: CPV | E34: 5.3922728e+08 | F34: 5.6309049e+08 | G34: 6.2050739e+08 | H34: 8.1326047e+08 | I34: 9.2494001e+08 | J34: 9.7224168e+08 | K34: 1.1075715e+09 | L34: 1.6496217e+09 | M34: 1.9596206e+09 | N34: 1.8523346e+09 | O34: 1.8247515e+09 | P34: 2.046818e+09 | Q34: 1.9130812e+09 | R34: 2.0289109e+09 | S34: 2.0419301e+09 | T34: 1.7498576e+09 | U34: 1.84979e+09 | V34: 1.9967415e+09 | W34: 2.2050995e+09 | X34: 2.2521771e+09 | Y34: 1.8215656e+09 | Z34: 2.0518426e+09 | AA34: 2.2470033e+09 | AB34: 2.5045255e+09
A35: GDP (current US$) | B35: NY.GDP.MKTP.CD | C35: Cambodia | D35: KHM | E35: 3.694169e+09 | F35: 4.145666e+09 | G35: 4.5012276e+09 | H35: 5.0466935e+09 | I35: 5.8832972e+09 | J35: 7.0662965e+09 | K35: 8.350531e+09 | L35: 1.0127916e+10 | M35: 1.2174304e+10 | N35: 1.2502901e+10 | O35: 1.3808673e+10 | P35: 1.6032622e+10 | Q35: 1.7826537e+10 | R35: 1.9807135e+10 | S35: 2.2041464e+10 | T35: 2.417417e+10 | U35: 2.6556545e+10 | V35: 2.9355666e+10 | W35: 3.3145892e+10 | X35: 3.6685356e+10 | Y35: 3.4818074e+10 | Z35: 3.6790164e+10 | AA35: 3.9994533e+10 | AB35: 4.2335647e+10
A36: GDP (current US$) | B36: NY.GDP.MKTP.CD | C36: Cameroon | D36: CMR | E36: 1.0566579e+10 | F36: 1.0953485e+10 | G36: 1.2417251e+10 | H36: 1.5970315e+10 | I36: 1.8826214e+10 | J36: 1.9509852e+10 | K36: 2.0910513e+10 | L36: 2.392825e+10 | M36: 2.7715142e+10 | N36: 2.793297e+10 | O36: 2.7507502e+10 | P36: 3.063091e+10 | Q36: 3.0155062e+10 | R36: 3.3728621e+10 | S36: 3.6386545e+10 | T36: 3.2210233e+10 | U36: 3.3814337e+10 | V36: 3.6098547e+10 | W36: 3.9955552e+10 | X36: 3.9667758e+10 | Y36: 4.0773241e+10 | Z36: 4.5011937e+10 | AA36: 4.4347206e+10 | AB36: 4.8814502e+10
A37: GDP (current US$) | B37: NY.GDP.MKTP.CD | C37: Canada | D37: CAN | E37: 7.4477342e+11 | F37: 7.3898179e+11 | G37: 7.6064933e+11 | H37: 8.9554065e+11 | I37: 1.0266902e+12 | J37: 1.1731086e+12 | K37: 1.3192648e+12 | L37: 1.4688204e+12 | M37: 1.5529897e+12 | N37: 1.3746251e+12 | O37: 1.6173434e+12 | P37: 1.7933266e+12 | Q37: 1.8283665e+12 | R37: 1.8465974e+12 | S37: 1.8057499e+12 | T37: 1.5565088e+12 | U37: 1.5279947e+12 | V37: 1.6492656e+12 | W37: 1.7253292e+12 | X37: 1.7437252e+12 | Y37: 1.6556847e+12 | Z37: 2.0223787e+12 | AA37: 2.1904111e+12 | AB37: 2.1733397e+12
A38: GDP (current US$) | B38: NY.GDP.MKTP.CD | C38: Cayman Islands | D38: CYM | E38: .. | F38: .. | G38: .. | H38: .. | I38: .. | J38: .. | K38: 4.2002883e+09 | L38: 4.466278e+09 | M38: 4.585949e+09 | N38: 4.2817146e+09 | O38: 4.1568412e+09 | P38: 4.1860732e+09 | Q38: 4.2910045e+09 | R38: 4.4057961e+09 | S38: 4.5628536e+09 | T38: 4.7081673e+09 | U38: 4.9093222e+09 | V38: 5.1662813e+09 | W38: 5.5301785e+09 | X38: 5.9418966e+09 | Y38: 5.655358e+09 | Z38: 6.0608138e+09 | AA38: 6.6601612e+09 | AB38: 7.2412443e+09
A39: GDP (current US$) | B39: NY.GDP.MKTP.CD | C39: Central African Republic | D39: CAF | E39: 9.1677728e+08 | F39: 9.326486e+08 | G39: 9.9606814e+08 | H39: 1.1423155e+09 | I39: 1.2723605e+09 | J39: 1.3378944e+09 | K39: 1.4618598e+09 | L39: 1.6998113e+09 | M39: 1.9934079e+09 | N39: 2.0673817e+09 | O39: 2.1425915e+09 | P39: 2.4379827e+09 | Q39: 2.5101265e+09 | R39: 1.6915441e+09 | S39: 1.8948134e+09 | T39: 1.6958257e+09 | U39: 1.8250181e+09 | V39: 2.07235e+09 | W39: 2.2209791e+09 | X39: 2.2213014e+09 | Y39: 2.3267209e+09 | Z39: 2.5164984e+09 | AA39: 2.3826186e+09 | AB39: 2.5554921e+09
A40: GDP (current US$) | B40: NY.GDP.MKTP.CD | C40: Chad | D40: TCD | E40: 1.3885068e+09 | F40: 1.7108434e+09 | G40: 1.9970057e+09 | H40: 2.7428151e+09 | I40: 4.4228557e+09 | J40: 8.6558924e+09 | K40: 9.7096266e+09 | L40: 1.0865385e+10 | M40: 1.3385594e+10 | N40: 1.2317614e+10 | O40: 1.4058507e+10 | P40: 1.668535e+10 | Q40: 1.7892229e+10 | R40: 1.7865317e+10 | S40: 1.8144337e+10 | T40: 1.4559599e+10 | U40: 1.302629e+10 | V40: 1.3349041e+10 | W40: 1.5327e+10 | X40: 1.4905518e+10 | Y40: 1.4932898e+10 | Z40: 1.6871938e+10 | AA40: 1.7828508e+10 | AB40: 1.8340234e+10
A41: GDP (current US$) | B41: NY.GDP.MKTP.CD | C41: Channel Islands | D41: CHI | E41: 6.4397034e+09 | F41: 6.2329063e+09 | G41: 6.6636691e+09 | H41: 7.3322449e+09 | I41: 8.5536434e+09 | J41: 8.8272727e+09 | K41: 9.676173e+09 | L41: 1.1514606e+10 | M41: .. | N41: 9.1007557e+09 | O41: 8.9023593e+09 | P41: 9.64868e+09 | Q41: 9.4546381e+09 | R41: 9.5947458e+09 | S41: 1.0527973e+10 | T41: 1.0109274e+10 | U41: 9.1688572e+09 | V41: 9.1700445e+09 | W41: 1.0026394e+10 | X41: 1.0031865e+10 | Y41: 9.4398108e+09 | Z41: 1.115754e+10 | AA41: 1.1308273e+10 | AB41: 1.2507321e+10
A42: GDP (current US$) | B42: NY.GDP.MKTP.CD | C42: Chile | D42: CHL | E42: 7.8339751e+10 | F42: 7.157474e+10 | G42: 7.0264046e+10 | H42: 7.649258e+10 | I42: 9.9075986e+10 | J42: 1.2229415e+11 | K42: 1.5384352e+11 | L42: 1.7249108e+11 | M42: 1.7989459e+11 | N42: 1.717779e+11 | O42: 2.1705121e+11 | P42: 2.5138257e+11 | Q42: 2.6702478e+11 | R42: 2.7739502e+11 | S42: 2.5956098e+11 | T42: 2.4245036e+11 | U42: 2.4934486e+11 | V42: 2.7615426e+11 | W42: 2.9585756e+11 | X42: 2.7828506e+11 | Y42: 2.5404216e+11 | Z42: 3.1532555e+11 | AA42: 3.0122658e+11 | AB42: 3.3551805e+11
A43: GDP (current US$) | B43: NY.GDP.MKTP.CD | C43: China | D43: CHN | E43: 1.2237549e+12 | F43: 1.3550366e+12 | G43: 1.4898217e+12 | H43: 1.6839033e+12 | I43: 1.9841966e+12 | J43: 2.3175513e+12 | K43: 2.7914985e+12 | L43: 3.6040558e+12 | M43: 4.6673464e+12 | N43: 5.1895771e+12 | O43: 6.1925649e+12 | P43: 7.6717572e+12 | Q43: 8.6736647e+12 | R43: 9.7431242e+12 | S43: 1.0674533e+13 | T43: 1.1280815e+13 | U43: 1.1456024e+13 | V43: 1.2537559e+13 | W43: 1.4147766e+13 | X43: 1.4560167e+13 | Y43: 1.4996414e+13 | Z43: 1.8201699e+13 | AA43: 1.8316765e+13 | AB43: 1.8270357e+13
A44: GDP (current US$) | B44: NY.GDP.MKTP.CD | C44: Colombia | D44: COL | E44: 9.9875075e+10 | F44: 9.8200641e+10 | G44: 9.7945813e+10 | H44: 9.4644969e+10 | I44: 1.1709242e+11 | J44: 1.4560053e+11 | K44: 1.6179296e+11 | L44: 2.0622954e+11 | M44: 2.4250415e+11 | N44: 2.3246866e+11 | O44: 2.8649853e+11 | P44: 3.3496613e+11 | Q44: 3.7069114e+11 | R44: 3.820937e+11 | S44: 3.8124086e+11 | T44: 2.9349237e+11 | U44: 2.827201e+11 | V44: 3.1186688e+11 | W44: 3.3419822e+11 | X44: 3.230317e+11 | Y44: 2.7034834e+11 | Z44: 3.1852463e+11 | AA44: 3.4563249e+11 | AB44: 3.6629184e+11
A45: GDP (current US$) | B45: NY.GDP.MKTP.CD | C45: Comoros | D45: COM | E45: 3.3950431e+08 | F45: 3.7274649e+08 | G45: 4.2736007e+08 | H45: 5.4683004e+08 | I45: 6.2267966e+08 | J45: 6.553751e+08 | K45: 6.8849864e+08 | L45: 7.9567315e+08 | M45: 9.1565911e+08 | N45: 9.0534117e+08 | O45: 9.0797873e+08 | P45: 1.0230863e+09 | Q45: 1.0158435e+09 | R45: 1.1162241e+09 | S45: 1.1495877e+09 | T45: 9.660296e+08 | U45: 1.0128355e+09 | V45: 1.0774398e+09 | W45: 1.1785306e+09 | X45: 1.1879154e+09 | Y45: 1.2187637e+09 | Z45: 1.2722384e+09 | AA45: 1.2224855e+09 | AB45: 1.3268365e+09
A46: GDP (current US$) | B46: NY.GDP.MKTP.CD | C46: Congo, Dem. Rep. | D46: COD | E46: 1.9088046e+10 | F46: 7.4381891e+09 | G46: 8.7280385e+09 | H46: 8.9375671e+09 | I46: 1.0297483e+10 | J46: 1.2609729e+10 | K46: 1.5484045e+10 | L46: 1.8374808e+10 | M46: 2.2723489e+10 | N46: 1.8607259e+10 | O46: 2.4161642e+10 | P46: 2.639238e+10 | Q46: 3.002937e+10 | R46: 3.4891189e+10 | S46: 3.8352981e+10 | T46: 4.0179574e+10 | U46: 3.8600224e+10 | V46: 3.7537522e+10 | W46: 4.6659954e+10 | X46: 4.68459e+10 | Y46: 4.669199e+10 | Z46: 5.906729e+10 | AA46: 7.0422346e+10 | AB46: 6.9843655e+10
A47: GDP (current US$) | B47: NY.GDP.MKTP.CD | C47: Congo, Rep. | D47: COG | E47: 3.2279277e+09 | F47: 2.7967046e+09 | G47: 3.0342509e+09 | H47: 3.5037231e+09 | I47: 4.6569749e+09 | J47: 6.6500017e+09 | K47: 8.072305e+09 | L47: 8.7827034e+09 | M47: 1.1649858e+10 | N47: 9.7232999e+09 | O47: 1.3148396e+10 | P47: 1.5655384e+10 | Q47: 1.7692911e+10 | R47: 1.7958721e+10 | S47: 1.7919321e+10 | T47: 1.2434794e+10 | U47: 1.0931328e+10 | V47: 1.1834473e+10 | W47: 1.47739e+10 | X47: 1.3976638e+10 | Y47: 1.1468687e+10 | Z47: 1.482569e+10 | AA47: 1.581703e+10 | AB47: 1.5321056e+10
A48: GDP (current US$) | B48: NY.GDP.MKTP.CD | C48: Costa Rica | D48: CRI | E48: 1.501363e+10 | F48: 1.5976174e+10 | G48: 1.6578821e+10 | H48: 1.7271761e+10 | I48: 1.8610595e+10 | J48: 2.0040642e+10 | K48: 2.271554e+10 | L48: 2.6884701e+10 | M48: 3.0801746e+10 | N48: 3.0745714e+10 | O48: 3.7658617e+10 | P48: 4.2762614e+10 | Q48: 4.7231655e+10 | R48: 5.0949669e+10 | S48: 5.2016409e+10 | T48: 5.6441921e+10 | U48: 5.884702e+10 | V48: 6.0516045e+10 | W48: 6.2420165e+10 | X48: 6.4417671e+10 | Y48: 6.2395611e+10 | Z48: 6.4960726e+10 | AA48: 6.9243626e+10 | AB48: 8.6497941e+10
A49: GDP (current US$) | B49: NY.GDP.MKTP.CD | C49: Cote d'Ivoire | D49: CIV | E49: 1.6577534e+10 | F49: 1.6810537e+10 | G49: 1.8054383e+10 | H49: 2.1251754e+10 | I49: 2.3510576e+10 | J49: 2.4036919e+10 | K49: 2.5281413e+10 | L49: 2.8760091e+10 | M49: 3.407824e+10 | N49: 3.3886813e+10 | O49: 3.4936308e+10 | P49: 3.6693711e+10 | Q49: 3.6302303e+10 | R49: 4.2760235e+10 | S49: 4.8843006e+10 | T49: 4.5815005e+10 | U49: 4.8407761e+10 | V49: 5.2512344e+10 | W49: 5.8522478e+10 | X49: 6.0382895e+10 | Y49: 6.3027853e+10 | Z49: 7.2794637e+10 | AA49: 7.0922825e+10 | AB49: 8.0780313e+10
A50: GDP (current US$) | B50: NY.GDP.MKTP.CD | C50: Croatia | D50: HRV | E50: 2.2134411e+10 | F50: 2.3066884e+10 | G50: 2.6757722e+10 | H50: 3.5245317e+10 | I50: 4.1836292e+10 | J50: 4.5013119e+10 | K50: 4.9583545e+10 | L50: 5.9290621e+10 | M50: 6.8472855e+10 | N50: 6.2315997e+10 | O50: 5.8975205e+10 | P50: 6.2889008e+10 | Q50: 5.7548116e+10 | R50: 5.9846265e+10 | S50: 5.9606935e+10 | T50: 5.0998893e+10 | U50: 5.2650714e+10 | V50: 5.6182783e+10 | W50: 6.1667925e+10 | X50: 6.1466721e+10 | Y50: 5.7959844e+10 | Z50: 6.9002365e+10 | AA50: 7.1196499e+10 | AB50: 8.5624154e+10
A51: GDP (current US$) | B51: NY.GDP.MKTP.CD | C51: Cuba | D51: CUB | E51: 30565400000 | F51: 31682400000 | G51: 33590500000 | H51: 35901200000 | I51: 38203000000 | J51: 42643836100 | K51: 4.8835926e+10 | L51: 5.426287e+10 | M51: 5.630213e+10 | N51: 5.7481481e+10 | O51: 5.9562963e+10 | P51: 68990000000 | Q51: 73141000000 | R51: 77148000000 | S51: 80656100000 | T51: 87132800000 | U51: 91370407900 | V51: 96850649700 | W51: 100050036100 | X51: 103427600000 | Y51: 107352000000 | Z51: .. | AA51: .. | AB51: ..
A52: GDP (current US$) | B52: NY.GDP.MKTP.CD | C52: Curacao | D52: CUW | E52: 2.1205112e+09 | F52: 2.1434507e+09 | G52: 2.1607847e+09 | H52: 2.2021174e+09 | I52: 2.2371605e+09 | J52: 2.3446373e+09 | K52: 2.4575817e+09 | L52: 2.5938315e+09 | M52: 2.8334761e+09 | N52: 2.8691532e+09 | O52: 2.9513428e+09 | P52: 2.9300922e+09 | Q52: 3.0128363e+09 | R52: 3.0335686e+09 | S52: 3.059407e+09 | T52: 3.0587792e+09 | U52: 3.0246902e+09 | V52: 3.0334332e+09 | W52: 3.0463648e+09 | X52: 3.0261241e+09 | Y52: 2.5343276e+09 | Z52: 2.7395944e+09 | AA52: 3.0751808e+09 | AB52: 3.2814193e+09
A53: GDP (current US$) | B53: NY.GDP.MKTP.CD | C53: Cyprus | D53: CYP | E53: 9.9858473e+09 | F53: 1.0397899e+10 | G53: 1.1420229e+10 | H53: 1.454733e+10 | I53: 17320551250 | J53: 1.8433413e+10 | K53: 2.0072755e+10 | L53: 2.3968727e+10 | M53: 2.7844646e+10 | N53: 2.604818e+10 | O53: 2.579994e+10 | P53: 2.7641549e+10 | Q53: 2.5047437e+10 | R53: 2.3959713e+10 | S53: 2.3225918e+10 | T53: 1.9909278e+10 | U53: 2.1046462e+10 | V53: 2.2946571e+10 | W53: 2.5754001e+10 | X53: 2.6196667e+10 | Y53: 2.5555094e+10 | Z53: 3.0372643e+10 | AA53: 3.1218039e+10 | AB53: 3.5075424e+10
A54: GDP (current US$) | B54: NY.GDP.MKTP.CD | C54: Czechia | D54: CZE | E54: 6.2175642e+10 | F54: 6.8135304e+10 | G54: 8.260787e+10 | H54: 1.0043592e+11 | I54: 1.201479e+11 | J54: 1.3726419e+11 | K54: 1.5623626e+11 | L54: 1.900407e+11 | M54: 2.3650626e+11 | N54: 2.0697188e+11 | O54: 2.1116867e+11 | P54: 2.3142938e+11 | Q54: 2.1036322e+11 | R54: 2.1302436e+11 | S54: 2.1091129e+11 | T54: 1.891077e+11 | U54: 1.9816066e+11 | V54: 2.2156358e+11 | W54: 2.5199236e+11 | X54: 2.5679421e+11 | Y54: 2.5110966e+11 | Z54: 2.9097271e+11 | AA54: 3.0183123e+11 | AB54: 3.450593e+11
A55: GDP (current US$) | B55: NY.GDP.MKTP.CD | C55: Denmark | D55: DNK | E55: 1.6404382e+11 | F55: 1.6488159e+11 | G55: 1.7878821e+11 | H55: 2.1842119e+11 | I55: 2.5198616e+11 | J55: 2.6515009e+11 | K55: 2.8338615e+11 | L55: 3.2021316e+11 | M55: 3.5497947e+11 | N55: 3.2261915e+11 | O55: 3.2234559e+11 | P55: 3.443156e+11 | Q55: 3.2679257e+11 | R55: 3.4463102e+11 | S55: 3.528326e+11 | T55: 3.0175892e+11 | U55: 3.1218185e+11 | V55: 3.3161059e+11 | W55: 3.5529337e+11 | X55: 3.4540147e+11 | Y55: 3.5563102e+11 | Z55: 4.0611016e+11 | AA55: 4.0011431e+11 | AB55: 4.0465171e+11
A56: GDP (current US$) | B56: NY.GDP.MKTP.CD | C56: Djibouti | D56: DJI | E56: 5.5123086e+08 | F56: 5.7241744e+08 | G56: 5.9112204e+08 | H56: 6.2204467e+08 | I56: 6.660721e+08 | J56: 7.0863319e+08 | K56: 7.6887368e+08 | L56: 8.4791893e+08 | M56: 9.9910534e+08 | N56: 1.0491107e+09 | O56: 1.1286117e+09 | P56: 1.2391445e+09 | Q56: 1.3536329e+09 | R56: 2.0444404e+09 | S56: 2.220638e+09 | T56: 2.4243918e+09 | U56: 2.6049552e+09 | V56: 2.7625813e+09 | W56: 2.9134647e+09 | X56: 3.0888515e+09 | Y56: 3.1441362e+09 | Z56: 3.392797e+09 | AA56: 3.5628149e+09 | AB56: 3.898447e+09
A57: GDP (current US$) | B57: NY.GDP.MKTP.CD | C57: Dominica | D57: DMA | E57: 3.3347037e+08 | F57: 3.7746296e+08 | G57: 375200000 | H57: 3.7331852e+08 | I57: 3.9671111e+08 | J57: 3.9145556e+08 | K57: 4.1667407e+08 | L57: 4.4468519e+08 | M57: 4.800037e+08 | N57: 5.1561852e+08 | O57: 5.1985926e+08 | P57: 5.3208148e+08 | Q57: 5.2035556e+08 | R57: 5.4532593e+08 | S57: 5.7225556e+08 | T57: 5.8317778e+08 | U57: 6.1271111e+08 | V57: 5.6335556e+08 | W57: 6.2824444e+08 | X57: 6.4425926e+08 | Y57: 5.2894444e+08 | Z57: 5.6291111e+08 | AA57: 6.2306296e+08 | AB57: 6.5931111e+08
A58: GDP (current US$) | B58: NY.GDP.MKTP.CD | C58: Dominican Republic | D58: DOM | E58: 2.4305781e+10 | F58: 2.5601824e+10 | G58: 2.7137441e+10 | H58: 2.1403168e+10 | I58: 2.2322387e+10 | J58: 3.5777561e+10 | K58: 3.787983e+10 | L58: 4.3965459e+10 | M58: 4.8091434e+10 | N58: 4.8223781e+10 | O58: 5.3801053e+10 | P58: 5.7948262e+10 | Q58: 6.0561636e+10 | R58: 6.2555417e+10 | S58: 6.7014329e+10 | T58: 7.0966783e+10 | U58: 7.5552903e+10 | V58: 7.9070275e+10 | W58: 8.4994732e+10 | X58: 8.9146131e+10 | Y58: 7.8546672e+10 | Z58: 9.485072e+10 | AA58: 1.1347809e+11 | AB58: 1.2045624e+11
A59: GDP (current US$) | B59: NY.GDP.MKTP.CD | C59: Ecuador | D59: ECU | E59: 1.7539455e+10 | F59: 23127055000 | G59: 27054197000 | H59: 30965208000 | I59: 35194947000 | J59: 40278849000 | K59: 45690762000 | L59: 49848725000 | M59: 61139438000 | N59: 60094978000 | O59: 68151329000 | P59: 78986648000 | Q59: 87735048000 | R59: 96570334000 | S59: 102717794000 | T59: 97209558000 | U59: 97671433000 | V59: 104467486000 | W59: 107478961000 | X59: 107595830000 | Y59: 95865473000 | Z59: 107179074000 | AA59: 116133121000 | AB59: 121147057000
A60: GDP (current US$) | B60: NY.GDP.MKTP.CD | C60: Egypt | D60: EGY | E60: 9.9838544e+10 | F60: 9.6684636e+10 | G60: 8.5146067e+10 | H60: 8.0288462e+10 | I60: 7.8782468e+10 | J60: 8.966034e+10 | K60: 1.0742609e+11 | L60: 1.3043783e+11 | M60: 1.6281818e+11 | N60: 1.8914701e+11 | O60: 2.1898367e+11 | P60: 2.3598967e+11 | Q60: 2.7911667e+11 | R60: 2.8843411e+11 | S60: 3.0559541e+11 | T60: 3.2936658e+11 | U60: 3.3244172e+11 | V60: 2.4836277e+11 | W60: 2.6258863e+11 | X60: 3.1867882e+11 | Y60: 3.8381784e+11 | Z60: 4.2467177e+11 | AA60: 4.7674772e+11 | AB60: 3.9592608e+11
A61: GDP (current US$) | B61: NY.GDP.MKTP.CD | C61: El Salvador | D61: SLV | E61: 11784927700 | F61: 12282533600 | G61: 12664190300 | H61: 13243892200 | I61: 13724810900 | J61: 14698000000 | K61: 15999890000 | L61: 17011750000 | M61: 17986890000 | N61: 17601620000 | O61: 18447920000 | P61: 20283780000 | Q61: 21386150000 | R61: 21990960000 | S61: 22593470000 | T61: 23438240000 | U61: 24191430000 | V61: 24979190000 | W61: 26020850000 | X61: 26881140000 | Y61: 24921190000 | Z61: 29043140000 | AA61: 31870120000 | AB61: 3.385394e+10
A62: GDP (current US$) | B62: NY.GDP.MKTP.CD | C62: Equatorial Guinea | D62: GNQ | E62: 1.0459985e+09 | F62: 1.461139e+09 | G62: 1.8067427e+09 | H62: 2.4847459e+09 | I62: 4.4107643e+09 | J62: 8.2173691e+09 | K62: 1.0086529e+10 | L62: 1.3071719e+10 | M62: 1.9749894e+10 | N62: 1.5027795e+10 | O62: 1.6314443e+10 | P62: 2.1357344e+10 | Q62: 2.2388344e+10 | R62: 2.1948834e+10 | S62: 2.1765453e+10 | T62: 1.3185497e+10 | U62: 1.1240809e+10 | V62: 1.2200914e+10 | W62: 1.3097012e+10 | X62: 1.1364134e+10 | Y62: 9.893816e+09 | Z62: 1.2215878e+10 | AA62: 1.3687643e+10 | AB62: 1.2337551e+10
A63: GDP (current US$) | B63: NY.GDP.MKTP.CD | C63: Eritrea | D63: ERI | E63: 7.0637082e+08 | F63: 7.5237169e+08 | G63: 7.2932168e+08 | H63: 8.7024827e+08 | I63: 1.109054e+09 | J63: 1.0984247e+09 | K63: 1.2111619e+09 | L63: 1.3179745e+09 | M63: 1380188800 | N63: 1.8566956e+09 | O63: 1.5895154e+09 | P63: 2.0650016e+09 | Q63: .. | R63: .. | S63: .. | T63: .. | U63: .. | V63: .. | W63: .. | X63: .. | Y63: .. | Z63: .. | AA63: .. | AB63: ..
A64: GDP (current US$) | B64: NY.GDP.MKTP.CD | C64: Estonia | D64: EST | E64: 5.6865797e+09 | F64: 6.2502184e+09 | G64: 7.3701196e+09 | H64: 9.8765955e+09 | I64: 1.2148595e+10 | J64: 1.4109491e+10 | K64: 1.7025672e+10 | L64: 2.2450264e+10 | M64: 2.4342935e+10 | N64: 1.9633984e+10 | O64: 1.9524355e+10 | P64: 2.3303916e+10 | Q64: 2.3237406e+10 | R64: 2.5451033e+10 | S64: 2.7055689e+10 | T64: 2.3311848e+10 | U64: 2.4561028e+10 | V64: 2.7469462e+10 | W64: 3.1222633e+10 | X64: 3.1873749e+10 | Y64: 3.1820771e+10 | Z64: 3.7201101e+10 | AA64: 3.8226642e+10 | AB64: 4.1470344e+10
A65: GDP (current US$) | B65: NY.GDP.MKTP.CD | C65: Eswatini | D65: SWZ | E65: 1.6971616e+09 | F65: 1.5028705e+09 | G65: 1.393945e+09 | H65: 2.1496324e+09 | I65: 2.7103318e+09 | J65: 3.0979464e+09 | K65: 3.2153079e+09 | L65: 3.3911229e+09 | M65: 3.2359212e+09 | N65: 3.5252135e+09 | O65: 4.3607144e+09 | P65: 4.722912e+09 | Q65: 4.7478131e+09 | R65: 4.4633962e+09 | S65: 4.2850657e+09 | T65: 3.9082179e+09 | U65: 3.7223061e+09 | V65: 4.4626407e+09 | W65: 4.6437511e+09 | X65: 4.617019e+09 | Y65: 4.1346778e+09 | Z65: 4.8070693e+09 | AA65: 4.7466603e+09 | AB65: 4.6211913e+09
A66: GDP (current US$) | B66: NY.GDP.MKTP.CD | C66: Ethiopia | D66: ETH | E66: 8.2423496e+09 | F66: 8.231326e+09 | G66: 7.8508095e+09 | H66: 8.6236913e+09 | I66: 1.0131187e+10 | J66: 1.2401139e+10 | K66: 1.5280862e+10 | L66: 1.9707617e+10 | M66: 2.7066913e+10 | N66: 3.2437389e+10 | O66: 2.993379e+10 | P66: 3.1952763e+10 | Q66: 4.3310721e+10 | R66: 4.7648277e+10 | S66: 5.5612228e+10 | T66: 6.2103418e+10 | U66: 6.8475871e+10 | V66: 7.6366082e+10 | W66: 8.3337901e+10 | X66: 9.1834517e+10 | Y66: 9.8676811e+10 | Z66: 1.0907096e+11 | AA66: 123140304666 | AB66: 1.3587409e+11
A67: GDP (current US$) | B67: NY.GDP.MKTP.CD | C67: Faroe Islands | D67: FRO | E67: 1.0671095e+09 | F67: 1.1602682e+09 | G67: 1.2750937e+09 | H67: 1.5019416e+09 | I67: 1.7247708e+09 | J67: 1.7597396e+09 | K67: 2.0176808e+09 | L67: 2.3390153e+09 | M67: 2.4898732e+09 | N67: 2.2960652e+09 | O67: 2.3317968e+09 | P67: 2.5057407e+09 | Q67: 2.4272004e+09 | R67: 2.6901105e+09 | S67: 2.9140127e+09 | T67: 2.573906e+09 | U67: 2.8132789e+09 | V67: 2.9800574e+09 | W67: 3.1886009e+09 | X67: 3.2664327e+09 | Y67: 3.2718133e+09 | Z67: 3.6995517e+09 | AA67: 3.6152418e+09 | AB67: 3.943131e+09
A68: GDP (current US$) | B68: NY.GDP.MKTP.CD | C68: Fiji | D68: FJI | E68: 1.6782195e+09 | F68: 1.652462e+09 | G68: 1.83328e+09 | H68: 2.3004925e+09 | I68: 2.7080785e+09 | J68: 2.9804038e+09 | K68: 3.0763055e+09 | L68: 3.3783146e+09 | M68: 3.5231859e+09 | N68: 2.8706246e+09 | O68: 3.1401667e+09 | P68: 3.7794119e+09 | Q68: 3.9720281e+09 | R68: 4.189968e+09 | S68: 4.8571048e+09 | T68: 4.6824799e+09 | U68: 4.9302136e+09 | V68: 5.3534692e+09 | W68: 5.5814253e+09 | X68: 5.3449072e+09 | Y68: 4.2277199e+09 | Z68: 4.1588732e+09 | AA68: 4.9778619e+09 | AB68: 5.4766735e+09
A69: GDP (current US$) | B69: NY.GDP.MKTP.CD | C69: Finland | D69: FIN | E69: 1.2596782e+11 | F69: 1.2951967e+11 | G69: 1.4036096e+11 | H69: 1.7161287e+11 | I69: 1.974583e+11 | J69: 2.0485937e+11 | K69: 2.1704407e+11 | L69: 2.5636025e+11 | M69: 2.8569866e+11 | N69: 2.5348078e+11 | O69: 2.4942961e+11 | P69: 2.7512692e+11 | Q69: 2.5744338e+11 | R69: 2.7026804e+11 | S69: 2.7347853e+11 | T69: 2.3321073e+11 | U69: 2.3877782e+11 | V69: 2.5384614e+11 | W69: 2.7386926e+11 | X69: 2.6701482e+11 | Y69: 2.7000031e+11 | Z69: 2.9422321e+11 | AA69: 2.802531e+11 | AB69: 2.9502198e+11
A70: GDP (current US$) | B70: NY.GDP.MKTP.CD | C70: France | D70: FRA | E70: 1.3609591e+12 | F70: 1.3703767e+12 | G70: 1.4924278e+12 | H70: 1.835096e+12 | I70: 2.1097923e+12 | J70: 2.1921464e+12 | K70: 2.3178615e+12 | L70: 2.6558169e+12 | M70: 2.9268029e+12 | N70: 2.7000759e+12 | O70: 2.64623e+12 | P70: 2.8704086e+12 | Q70: 2.6830071e+12 | R70: 2.8160776e+12 | S70: 2.8612361e+12 | T70: 2.4424835e+12 | U70: 2.4704076e+12 | V70: 2.5888683e+12 | W70: 2.7815763e+12 | X70: 2.7227935e+12 | Y70: 2.6479261e+12 | Z70: 2.9664337e+12 | AA70: 2.7947881e+12 | AB70: 3.0562506e+12
A71: GDP (current US$) | B71: NY.GDP.MKTP.CD | C71: French Polynesia | D71: PYF | E71: 3.5998455e+09 | F71: 3.5738086e+09 | G71: 3.9654056e+09 | H71: 4.9277806e+09 | I71: 5.56411e+09 | J71: 5.7050521e+09 | K71: 5.877998e+09 | L71: 6.6311564e+09 | M71: 7.1367414e+09 | N71: 6.584558e+09 | O71: 6.0866448e+09 | P71: 6.20394e+09 | Q71: 5.6928581e+09 | R71: 6.0318271e+09 | S71: 6.1519966e+09 | T71: 5.3258464e+09 | U71: 5.4970365e+09 | V71: 5.8333527e+09 | W71: 6.1351163e+09 | X71: 6.0222762e+09 | Y71: 5.574822e+09 | Z71: 5.9949312e+09 | AA71: 5.6226883e+09 | AB71: 6.1374478e+09
A72: GDP (current US$) | B72: NY.GDP.MKTP.CD | C72: Gabon | D72: GAB | E72: 5.0804836e+09 | F72: 5.0232654e+09 | G72: 5.3354511e+09 | H72: 6.5119034e+09 | I72: 7.770219e+09 | J72: 9.582784e+09 | K72: 1.0327598e+10 | L72: 1.245541e+10 | M72: 1.5571348e+10 | N72: 1.2113699e+10 | O72: 1.4372593e+10 | P72: 1.8210308e+10 | Q72: 1.7170464e+10 | R72: 1.7595745e+10 | S72: 1.8203967e+10 | T72: 1.4383108e+10 | U72: 1.402389e+10 | V72: 1.4929487e+10 | W72: 1.6867326e+10 | X72: 1.6874405e+10 | Y72: 1.5342236e+10 | Z72: 1.9444935e+10 | AA72: 2.0440656e+10 | AB72: 1.9388372e+10
A73: GDP (current US$) | B73: NY.GDP.MKTP.CD | C73: Gambia, The | D73: GMB | E73: 7.8291387e+08 | F73: 6.8741065e+08 | G73: 5.7823531e+08 | H73: 4.8703869e+08 | I73: 9.6190065e+08 | J73: 1.0277011e+09 | K73: 1.0541125e+09 | L73: 1.279703e+09 | M73: 1.561767e+09 | N73: 1.4501425e+09 | O73: 1.5432949e+09 | P73: 1.4096936e+09 | Q73: 1.4150047e+09 | R73: 1.3756095e+09 | S73: 1.2294617e+09 | T73: 1.3781766e+09 | U73: 1.4845789e+09 | V73: 1.5049095e+09 | W73: 1.6706713e+09 | X73: 1.8136097e+09 | Y73: 1.8121709e+09 | Z73: 2.0141588e+09 | AA73: 2.2047345e+09 | AB73: 2.3822622e+09
A74: GDP (current US$) | B74: NY.GDP.MKTP.CD | C74: Georgia | D74: GEO | E74: 3.0574753e+09 | F74: 3.2194623e+09 | G74: 3.3957667e+09 | H74: 3.9913779e+09 | I74: 5.1253652e+09 | J74: 6.410912e+09 | K74: 7.7452507e+09 | L74: 1.0172931e+10 | M74: 1.2795145e+10 | N74: 1.076692e+10 | O74: 1.2426908e+10 | P74: 1.547529e+10 | Q74: 1.6894392e+10 | R74: 1.751766e+10 | S74: 1.7966015e+10 | T74: 1.5223796e+10 | U74: 1.5444549e+10 | V74: 1.6473125e+10 | W74: 1.7902545e+10 | X74: 1.7638337e+10 | Y74: 1.6010869e+10 | Z74: 1.8853116e+10 | AA74: 2.4984569e+10 | AB74: 3.0777834e+10
A75: GDP (current US$) | B75: NY.GDP.MKTP.CD | C75: Germany | D75: DEU | E75: 1.9669807e+12 | F75: 1.9663815e+12 | G75: 2.1023508e+12 | H75: 2.5347155e+12 | I75: 2.8523178e+12 | J75: 2.8933932e+12 | K75: 3.0463088e+12 | L75: 3.4840567e+12 | M75: 3.8081977e+12 | N75: 3.4785455e+12 | O75: 3.4670938e+12 | P75: 3.8235758e+12 | Q75: 3.5964832e+12 | R75: 3.8070238e+12 | S75: 3.9648707e+12 | T75: 3.4250996e+12 | U75: 3.5367879e+12 | V75: 3.7653516e+12 | W75: 4.0554332e+12 | X75: 3.9598948e+12 | Y75: 3.941399e+12 | Z75: 4.355252e+12 | AA75: 4.2010217e+12 | AB75: 4.5622075e+12
A76: GDP (current US$) | B76: NY.GDP.MKTP.CD | C76: Ghana | D76: GHA | E76: 4.9828507e+09 | F76: 5.3148729e+09 | G76: 6.1661978e+09 | H76: 7.6327236e+09 | I76: 8.8814179e+09 | J76: 1.0744568e+10 | K76: 2.0885038e+10 | L76: 2.4827339e+10 | M76: 2.8679383e+10 | N76: 2.604872e+10 | O76: 3.2197656e+10 | P76: 3.9336668e+10 | Q76: 4.1271701e+10 | R76: 6.2845722e+10 | S76: 5.4678534e+10 | T76: 4.9436806e+10 | U76: 5.6144179e+10 | V76: 6.0385409e+10 | W76: 6.7259354e+10 | X76: 6.8352629e+10 | Y76: 7.0008244e+10 | Z76: 7.9514205e+10 | AA76: 7.3919003e+10 | AB76: 8.0547147e+10
A77: GDP (current US$) | B77: NY.GDP.MKTP.CD | C77: Gibraltar | D77: GIB | E77: .. | F77: .. | G77: .. | H77: .. | I77: .. | J77: .. | K77: .. | L77: .. | M77: .. | N77: .. | O77: .. | P77: .. | Q77: .. | R77: .. | S77: .. | T77: .. | U77: .. | V77: .. | W77: .. | X77: .. | Y77: .. | Z77: .. | AA77: .. | AB77: ..
A78: GDP (current US$) | B78: NY.GDP.MKTP.CD | C78: Greece | D78: GRC | E78: 1.2576017e+11 | F78: 1.3205047e+11 | G78: 1.502538e+11 | H78: 1.9693051e+11 | I78: 2.3497962e+11 | J78: 2.4231567e+11 | K78: 2.6907342e+11 | L78: 3.14227e+11 | M78: 3.511214e+11 | N78: 3.2682905e+11 | O78: 2.9641764e+11 | P78: 2.8322808e+11 | Q78: 2.3884114e+11 | R78: 2.3655628e+11 | S78: 2.3391158e+11 | T78: 1.9456737e+11 | U78: 1.9309724e+11 | V78: 2.003811e+11 | W78: 2.1329887e+11 | X78: 2.0730565e+11 | Y78: 1.9136299e+11 | Z78: 2.183038e+11 | AA78: 2.1799019e+11 | AB78: 2.4294619e+11
A79: GDP (current US$) | B79: NY.GDP.MKTP.CD | C79: Greenland | D79: GRL | E79: 1.068025e+09 | F79: 1.0861707e+09 | G79: 1.1691367e+09 | H79: 1.5587598e+09 | I79: 1.8224998e+09 | J79: 1.8498026e+09 | K79: 2.0131069e+09 | L79: 2.2498113e+09 | M79: 2.4990923e+09 | N79: 2.5299639e+09 | O79: 2.5031672e+09 | P79: 2.6844614e+09 | Q79: 2.6096785e+09 | R79: 2.684947e+09 | S79: 2.8420657e+09 | T79: 2.499113e+09 | U79: 2.7071395e+09 | V79: 2.8516137e+09 | W79: 3.0557821e+09 | X79: 2.99731e+09 | Y79: 3.0896256e+09 | Z79: 3.2935785e+09 | AA79: 3.1523348e+09 | AB79: 3.326544e+09
A80: GDP (current US$) | B80: NY.GDP.MKTP.CD | C80: Grenada | D80: GRD | E80: 5.2004437e+08 | F80: 5.2044419e+08 | G80: 5.4033693e+08 | H80: 5.9101841e+08 | I80: 5.9911859e+08 | J80: 6.9555556e+08 | K80: 6.9870067e+08 | L80: 7.5868359e+08 | M80: 8.2597604e+08 | N80: 7.7127556e+08 | O80: 7.7101481e+08 | P80: 7.7865556e+08 | Q80: 7.9988148e+08 | R80: 8.4261852e+08 | S80: 9.114963e+08 | T80: 9.9700741e+08 | U80: 1.0616407e+09 | V80: 1.1256852e+09 | W80: 1.1665148e+09 | X80: 1.2134852e+09 | Y80: 1.0434111e+09 | Z80: 1.1222222e+09 | AA80: 1.2240074e+09 | AB80: 1.3364185e+09
A81: GDP (current US$) | B81: NY.GDP.MKTP.CD | C81: Guam | D81: GUM | E81: .. | F81: .. | G81: 3394000000 | H81: 3569000000 | I81: 3869000000 | J81: 4213000000 | K81: 4238000000 | L81: 4397000000 | M81: 4658000000 | N81: 4828000000 | O81: 4949000000 | P81: 4984000000 | Q81: 5265000000 | R81: 5399000000 | S81: 5610000000 | T81: 5799000000 | U81: 5901000000 | V81: 6013000000 | W81: 6051000000 | X81: 6355000000 | Y81: 5916000000 | Z81: 6234000000 | AA81: 6910000000 | AB81: ..
A82: GDP (current US$) | B82: NY.GDP.MKTP.CD | C82: Guatemala | D82: GTM | E82: 1.9288929e+10 | F82: 1.840522e+10 | G82: 2.0444206e+10 | H82: 2.1576352e+10 | I82: 2.3577298e+10 | J82: 2.6783389e+10 | K82: 2.9744247e+10 | L82: 3.3567851e+10 | M82: 3.850372e+10 | N82: 3.7126148e+10 | O82: 4.0676578e+10 | P82: 4.6876006e+10 | Q82: 4.9593929e+10 | R82: 5.299642e+10 | S82: 5.7852159e+10 | T82: 6.2186067e+10 | U82: 6.6053408e+10 | V82: 7.1653781e+10 | W82: 7.3328356e+10 | X82: 7.7172332e+10 | Y82: 7.7719468e+10 | Z82: 8.6455522e+10 | AA82: 9.5641447e+10 | AB82: 1.0436876e+11
A83: GDP (current US$) | B83: NY.GDP.MKTP.CD | C83: Guinea | D83: GIN | E83: 4.3674589e+09 | F83: 4.1255276e+09 | G83: 4.3016088e+09 | H83: 5.025168e+09 | I83: 5.300768e+09 | J83: 4.2824686e+09 | K83: 4.2200198e+09 | L83: 6.2819182e+09 | M83: 6.96418e+09 | N83: 6.7169053e+09 | O83: 6.8534671e+09 | P83: 6.7851372e+09 | Q83: 7.6380446e+09 | R83: 8.3766135e+09 | S83: 8.7784734e+09 | T83: 8.7942017e+09 | U83: 8.5959552e+09 | V83: 1.0324668e+10 | W83: 1.185703e+10 | X83: 1.3442861e+10 | Y83: 1.4088694e+10 | Z83: 1.7069116e+10 | AA83: 1.9910453e+10 | AB83: 2.2407616e+10
A84: GDP (current US$) | B84: NY.GDP.MKTP.CD | C84: Guinea-Bissau | D84: GNB | E84: 3.913456e+08 | F84: 4.1261087e+08 | G84: 4.6677371e+08 | H84: 5.536148e+08 | I84: 5.8216984e+08 | J84: 6.3977604e+08 | K84: 6.347819e+08 | L84: 7.53163e+08 | M84: 9.5266754e+08 | N84: 8.9016783e+08 | O84: 9.4011254e+08 | P84: 1.1570743e+09 | Q84: 1.0494122e+09 | R84: 1.1096828e+09 | S84: 1.1352507e+09 | T84: 1.1523842e+09 | U84: 1.2450743e+09 | V84: 1.4699786e+09 | W84: 1.5541336e+09 | X84: 1.5962273e+09 | Y84: 1.7050576e+09 | Z84: 1.9080946e+09 | AA84: 1.8596014e+09 | AB84: 2.1276882e+09
A85: GDP (current US$) | B85: NY.GDP.MKTP.CD | C85: Guyana | D85: GUY | E85: 7.126679e+08 | F85: 7.1216745e+08 | G85: 7.2613143e+08 | H85: 7.4306395e+08 | I85: 7.8781438e+08 | J85: 8.2488055e+08 | K85: 2.379818e+09 | L85: 2.7309716e+09 | M85: 3.0251874e+09 | N85: 3.1656632e+09 | O85: 3.4329125e+09 | P85: 3.6913843e+09 | Q85: 4.0630885e+09 | R85: 4.1678009e+09 | S85: 4.1276602e+09 | T85: 4.2798402e+09 | U85: 4.4826973e+09 | V85: 4.7481743e+09 | W85: 4.787637e+09 | X85: 5.1737602e+09 | Y85: 5.4712566e+09 | Z85: 8.0413621e+09 | AA85: 1.4718388e+10 | AB85: 1.6918504e+10
A86: GDP (current US$) | B86: NY.GDP.MKTP.CD | C86: Haiti | D86: HTI | E86: 6.8135661e+09 | F86: 6.3319703e+09 | G86: 6.2058472e+09 | H86: 5.0719478e+09 | I86: 6.0873607e+09 | J86: 7.0301497e+09 | K86: 7.6387391e+09 | L86: 9.2286378e+09 | M86: 1.0432963e+10 | N86: 1.1597003e+10 | O86: 1.1859313e+10 | P86: 1.3008746e+10 | Q86: 1.3708925e+10 | R86: 1.4902489e+10 | S86: 1.5146883e+10 | T86: 1.4849629e+10 | U86: 1.4069278e+10 | V86: 1.5093357e+10 | W86: 1.6403865e+10 | X86: 1.5016091e+10 | Y86: 1.4508223e+10 | Z86: 2.0944388e+10 | AA86: 2.0253552e+10 | AB86: 1.9850586e+10
A87: GDP (current US$) | B87: NY.GDP.MKTP.CD | C87: Honduras | D87: HND | E87: 7.186638e+09 | F87: 7.6511623e+09 | G87: 7.8582554e+09 | H87: 8.2303913e+09 | I87: 8.8692992e+09 | J87: 9.7570127e+09 | K87: 1.0917477e+10 | L87: 1.2361258e+10 | M87: 1.3881732e+10 | N87: 1.4587496e+10 | O87: 1.5839345e+10 | P87: 1.7710276e+10 | Q87: 1.8528554e+10 | R87: 1.8499729e+10 | S87: 1.9756534e+10 | T87: 2.0979792e+10 | U87: 2.1717605e+10 | V87: 2.3136248e+10 | W87: 2.4067751e+10 | X87: 2.4882226e+10 | Y87: 2.3352232e+10 | Z87: 2.8144332e+10 | AA87: 3.1426042e+10 | AB87: 3.4355806e+10
A88: GDP (current US$) | B88: NY.GDP.MKTP.CD | C88: Hong Kong SAR, China | D88: HKG | E88: 1.7166889e+11 | F88: 1.6940433e+11 | G88: 1.6634887e+11 | H88: 1.6138556e+11 | I88: 1.6909977e+11 | J88: 1.8156931e+11 | K88: 1.9353544e+11 | L88: 2.1159694e+11 | M88: 2.1927875e+11 | N88: 2.140478e+11 | O88: 2.2863867e+11 | P88: 2.4851362e+11 | Q88: 2.6262887e+11 | R88: 2.7569688e+11 | S88: 2.9146e+11 | T88: 3.0938562e+11 | U88: 3.2086032e+11 | V88: 3.4127329e+11 | W88: 3.6173107e+11 | X88: 3.6307455e+11 | Y88: 3.4494315e+11 | Z88: 3.6895417e+11 | AA88: 3.5867953e+11 | AB88: 3.8104303e+11
A89: GDP (current US$) | B89: NY.GDP.MKTP.CD | C89: Hungary | D89: HUN | E89: 4.7275954e+10 | F89: 5.3800068e+10 | G89: 6.7636469e+10 | H89: 8.5190469e+10 | I89: 1.0401536e+11 | J89: 1.1309824e+11 | K89: 1.1560411e+11 | L89: 1.4012333e+11 | M89: 1.5822827e+11 | N89: 1.3080744e+11 | O89: 1.3189874e+11 | P89: 1.417128e+11 | Q89: 1.2847027e+11 | R89: 1.3564605e+11 | S89: 1.411287e+11 | T89: 1.2524413e+11 | U89: 1.2898356e+11 | V89: 1.433351e+11 | W89: 1.6118469e+11 | X89: 1.6493668e+11 | Y89: 1.5846849e+11 | Z89: 1.8328269e+11 | AA89: 1.7700258e+11 | AB89: 2.1324032e+11
A90: GDP (current US$) | B90: NY.GDP.MKTP.CD | C90: Iceland | D90: ISL | E90: 9.1401689e+09 | F90: 8.3234018e+09 | G90: 9.4161997e+09 | H90: 1.1564688e+10 | I90: 1.3963943e+10 | J90: 1.7146411e+10 | K90: 1.767165e+10 | L90: 2.196011e+10 | M90: 1.8247921e+10 | N90: 1.3212544e+10 | O90: 1.3922712e+10 | P90: 1.5394006e+10 | Q90: 1.4943758e+10 | R90: 1.624432e+10 | S90: 1.8052184e+10 | T90: 1.7700487e+10 | U90: 2.1083713e+10 | V90: 2.5060086e+10 | W90: 2.6677653e+10 | X90: 2.4985687e+10 | Y90: 2.2034665e+10 | Z90: 2.6234872e+10 | AA90: 2.9166103e+10 | AB90: 3.1677892e+10
A91: GDP (current US$) | B91: NY.GDP.MKTP.CD | C91: India | D91: IND | E91: 4.6839552e+11 | F91: 4.8544014e+11 | G91: 5.1493914e+11 | H91: 6.0770069e+11 | I91: 7.0915273e+11 | J91: 8.2038376e+11 | K91: 9.4025989e+11 | L91: 1.2167364e+12 | M91: 1.1988951e+12 | N91: 1.341888e+12 | O91: 1.6756155e+12 | P91: 1.8230518e+12 | Q91: 1.8276376e+12 | R91: 1.8567215e+12 | S91: 2.0391265e+12 | T91: 2.1035884e+12 | U91: 2.2947969e+12 | V91: 2.6514743e+12 | W91: 2.7029296e+12 | X91: 2.8356063e+12 | Y91: 2.6748516e+12 | Z91: 3.1672706e+12 | AA91: 3.3461073e+12 | AB91: 3.6384891e+12
A92: GDP (current US$) | B92: NY.GDP.MKTP.CD | C92: Indonesia | D92: IDN | E92: 1.6502101e+11 | F92: 1.6044695e+11 | G92: 1.9566061e+11 | H92: 2.3477246e+11 | I92: 2.5683688e+11 | J92: 2.8586862e+11 | K92: 3.6457052e+11 | L92: 4.3221674e+11 | M92: 5.1022863e+11 | N92: 5.3958009e+11 | O92: 7.5509416e+11 | P92: 8.929691e+11 | Q92: 9.1786991e+11 | R92: 9.1252414e+11 | S92: 8.9081476e+11 | T92: 8.6085423e+11 | U92: 9.3187736e+11 | V92: 1.0156187e+12 | W92: 1.0422715e+12 | X92: 1.1190999e+12 | Y92: 1.0590548e+12 | Z92: 1.1865097e+12 | AA92: 1.3191012e+12 | AB92: 1.3711693e+12
A93: GDP (current US$) | B93: NY.GDP.MKTP.CD | C93: Iran (Islamic Republic of) | D93: IRN | E93: 1.0959171e+11 | F93: 1.2687875e+11 | G93: 1.2862692e+11 | H93: 1.5191122e+11 | I93: 1.8775457e+11 | J93: 2.2497037e+11 | K93: 2.6560219e+11 | L93: 3.4973659e+11 | M93: 4.0607095e+11 | N93: 4.1405909e+11 | O93: 4.8706957e+11 | P93: 6.2908226e+11 | Q93: 6.4401932e+11 | R93: 5.0039984e+11 | S93: 4.6228479e+11 | T93: 4.0919169e+11 | U93: 4.7861806e+11 | V93: 5.1023989e+11 | W93: 4.119033e+11 | X93: 3.479884e+11 | Y93: 2.8093433e+11 | Z93: 4.0735069e+11 | AA93: 4.2266226e+11 | AB93: 4.5751048e+11
... A95: GDP (current US$) | B95: NY.GDP.MKTP.CD | C95: Ireland | D95: IRL | E95: 1.0020761e+11 | F95: 1.0934667e+11 | G95: 1.2859604e+11 | H95: 1.6467077e+11 | I95: 1.9437212e+11 | J95: 2.1187699e+11 | K95: 2.3218062e+11 | L95: 2.7007928e+11 | M95: 2.7544747e+11 | N95: 2.3644312e+11 | O95: 2.2173282e+11 | P95: 2.4097587e+11 | Q95: 2.2692183e+11 | R95: 2.4292425e+11 | S95: 2.6649044e+11 | T95: 3.0210139e+11 | U95: 3.0543125e+11 | V95: 3.4835521e+11 | W95: 3.9578032e+11 | X95: 4.0721179e+11 | Y95: 4.3600903e+11 | Z95: 5.3039412e+11 | AA95: 5.4834179e+11 | AB95: 5.6737274e+11
A96: GDP (current US$) | B96: NY.GDP.MKTP.CD | C96: Isle of Man | D96: IMN | E96: 1.6010501e+09 | F96: 1.6686843e+09 | G96: 1.8910027e+09 | H96: 2.2526204e+09 | I96: 2.8022062e+09 | J96: 3.032411e+09 | K96: 3.4227332e+09 | L96: 4.4663507e+09 | M96: 5.9287915e+09 | N96: 5.4869212e+09 | O96: 5.9203698e+09 | P96: 6.5656671e+09 | Q96: 6.6902284e+09 | R96: 7.0011756e+09 | S96: 7.7084544e+09 | T96: 7.0848009e+09 | U96: 6.8463776e+09 | V96: 6.9797883e+09 | W96: 7.4916495e+09 | X96: 7.3149679e+09 | Y96: 6.6842256e+09 | Z96: 7.9311932e+09 | AA96: 7.4312574e+09 | AB96: ..
A97: GDP (current US$) | B97: NY.GDP.MKTP.CD | C97: Israel | D97: ISR | E97: 1.365123e+11 | F97: 1.3500204e+11 | G97: 1.2533233e+11 | H97: 1.3140891e+11 | I97: 1.4004798e+11 | J97: 1.4751992e+11 | K97: 1.5890055e+11 | L97: 1.8468121e+11 | M97: 2.2123166e+11 | N97: 2.1340318e+11 | O97: 2.3967904e+11 | P97: 2.68095e+11 | Q97: 2.6358917e+11 | R97: 2.9847807e+11 | S97: 3.1501709e+11 | T97: 3.0346943e+11 | U97: 3.2194097e+11 | V97: 3.5845184e+11 | W97: 3.7629908e+11 | X97: 4.0064522e+11 | Y97: 4.1076835e+11 | Z97: 4.8985155e+11 | AA97: 5.2518101e+11 | AB97: 5.1218464e+11
A98: GDP (current US$) | B98: NY.GDP.MKTP.CD | C98: Italy | D98: ITA | E98: 1.1496614e+12 | F98: 1.1720415e+12 | G98: 1.2817463e+12 | H98: 1.58293e+12 | I98: 1.8128088e+12 | J98: 1.8649823e+12 | K98: 1.9585637e+12 | L98: 2.2225241e+12 | M98: 2.4175084e+12 | N98: 2.2094843e+12 | O98: 2.1449363e+12 | P98: 2.306974e+12 | Q98: 2.0979295e+12 | R98: 2.1532256e+12 | S98: 2.1732555e+12 | T98: 1.845428e+12 | U98: 1.8871112e+12 | V98: 1.9707209e+12 | W98: 2.0994353e+12 | X98: 2.0196068e+12 | Y98: 1.9074811e+12 | Z98: 2.1792078e+12 | AA98: 2.1040676e+12 | AB98: 2.316728e+12
A99: GDP (current US$) | B99: NY.GDP.MKTP.CD | C99: Jamaica | D99: JAM | E99: 9.0050645e+09 | F99: 9.1947278e+09 | G99: 9.7190095e+09 | H99: 9.4302348e+09 | I99: 1.0174665e+10 | J99: 1.1243866e+10 | K99: 1.1930179e+10 | L99: 1.27996e+10 | M99: 1.3709402e+10 | N99: 1.2120458e+10 | O99: 1.322055e+10 | P99: 1.4444662e+10 | Q99: 1.4807087e+10 | R99: 1.4264205e+10 | S99: 1.3899218e+10 | T99: 1.496359e+10 | U99: 1.4899e+10 | V99: 1.5783583e+10 | W99: 1.6855448e+10 | X99: 1.7026269e+10 | Y99: 1.5000214e+10 | Z99: 1.5963885e+10 | AA99: 1.8813517e+10 | AB99: 2.1418804e+10
A100: GDP (current US$) | B100: NY.GDP.MKTP.CD | C100: Japan | D100: JPN | E100: 4.9683591e+12 | F100: 4.3747117e+12 | G100: 4.182846e+12 | H100: 4.5195616e+12 | I100: 4.893116e+12 | J100: 4.831467e+12 | K100: 4.6016631e+12 | L100: 4.5797509e+12 | M100: 5.1066791e+12 | N100: 5.2894931e+12 | O100: 5.7590718e+12 | P100: 6.2331472e+12 | Q100: 6.272363e+12 | R100: 5.2123282e+12 | S100: 4.8969944e+12 | T100: 4.4449307e+12 | U100: 5.0036776e+12 | V100: 4.9308374e+12 | W100: 5.0408809e+12 | X100: 5.1179939e+12 | Y100: 5.054068e+12 | Z100: 5.0391482e+12 | AA100: 4.2624633e+12 | AB100: 4.2131672e+12
A101: GDP (current US$) | B101: NY.GDP.MKTP.CD | C101: Jordan | D101: JOR | E101: 8.4607898e+09 | F101: 8.9758147e+09 | G101: 9.5825106e+09 | H101: 1.0195628e+10 | I101: 1.1411707e+10 | J101: 1.2588999e+10 | K101: 1.5056982e+10 | L101: 1.7110437e+10 | M101: 2.2658716e+10 | N101: 2.4537876e+10 | O101: 2.7133804e+10 | P101: 2.9524149e+10 | Q101: 3.1634562e+10 | R101: 3.445444e+10 | S101: 3.6847644e+10 | T101: 3.8587018e+10 | U101: 3.9892551e+10 | V101: 4.1608436e+10 | W101: 4.3370861e+10 | X101: 4.4503006e+10 | Y101: 4.3700383e+10 | Z101: 4.62961e+10 | AA101: 4.8764963e+10 | AB101: 5.1088476e+10
A102: GDP (current US$) | B102: NY.GDP.MKTP.CD | C102: Kazakhstan | D102: KAZ | E102: 1.8291991e+10 | F102: 2.2152689e+10 | G102: 2.4636599e+10 | H102: 3.0833693e+10 | I102: 4.3151647e+10 | J102: 5.7123672e+10 | K102: 8.1003865e+10 | L102: 1.0484992e+11 | M102: 1.3344165e+11 | N102: 1.1530869e+11 | O102: 1.4804735e+11 | P102: 1.9262646e+11 | Q102: 2.0799857e+11 | R102: 2.366346e+11 | S102: 2.2141561e+11 | T102: 1.843884e+11 | U102: 1.3727832e+11 | V102: 1.6680579e+11 | W102: 1.7933998e+11 | X102: 1.8166718e+11 | Y102: 1.7108237e+11 | Z102: 1.9711226e+11 | AA102: 2.2549633e+11 | AB102: 2.618401e+11
A103: GDP (current US$) | B103: NY.GDP.MKTP.CD | C103: Kenya | D103: KEN | E103: 1.270535e+10 | F103: 1.2986007e+10 | G103: 1.3147737e+10 | H103: 1.4904518e+10 | I103: 1.6095337e+10 | J103: 1.8737896e+10 | K103: 2.5825512e+10 | L103: 3.1958195e+10 | M103: 3.5895153e+10 | N103: 4.2347218e+10 | O103: 4.5405615e+10 | P103: 4.6869473e+10 | Q103: 5.6396705e+10 | R103: 6.167144e+10 | S103: 6.8285797e+10 | T103: 7.0120447e+10 | U103: 7.4815144e+10 | V103: 8.2036511e+10 | W103: 9.220298e+10 | X103: 1.0037844e+11 | Y103: 1.0065751e+11 | Z103: 1.0970366e+11 | AA103: 1.1444898e+11 | AB103: 1.0750088e+11
A104: GDP (current US$) | B104: NY.GDP.MKTP.CD | C104: Kiribati | D104: KIR | E104: 74910527 | F104: 64935850 | G104: 74743869 | H104: 96105619 | I104: 1.0408589e+08 | J104: 1.1389544e+08 | K104: 1.1233835e+08 | L104: 1.3805495e+08 | M104: 1.4701789e+08 | N104: 1.4017738e+08 | O104: 1.6545843e+08 | P104: 1.9597014e+08 | Q104: 2.0700155e+08 | R104: 2.0173086e+08 | S104: 2.0028728e+08 | T104: 1.915594e+08 | U104: 2.0646782e+08 | V104: 2.2287574e+08 | W104: 2.3351472e+08 | X104: 2.1698539e+08 | Y104: 2.2089802e+08 | Z104: 2.8525988e+08 | AA104: 2.7004045e+08 | AB104: 2.8861075e+08
A105: GDP (current US$) | B105: NY.GDP.MKTP.CD | C105: Korea, Dem. People's Rep. | D105: PRK | E105: .. | F105: .. | G105: .. | H105: .. | I105: .. | J105: .. | K105: .. | L105: .. | M105: .. | N105: .. | O105: .. | P105: .. | Q105: .. | R105: .. | S105: .. | T105: .. | U105: .. | V105: .. | W105: .. | X105: .. | Y105: .. | Z105: .. | AA105: .. | AB105: ..
A106: GDP (current US$) | B106: NY.GDP.MKTP.CD | C106: Republic of Korea | D106: KOR | E106: 5.9748717e+11 | F106: 5.6756481e+11 | G106: 6.5001439e+11 | H106: 7.2851649e+11 | I106: 8.2325111e+11 | J106: 9.7174033e+11 | K106: 1.0951755e+12 | L106: 1.2209119e+12 | M106: 1.0915807e+12 | N106: 9.8306524e+11 | O106: 1.19283e+12 | P106: 1.3071035e+12 | Q106: 1.3353436e+12 | R106: 1.4346697e+12 | S106: 1.5562524e+12 | T106: 1.5392123e+12 | U106: 1.5791505e+12 | V106: 1.7101968e+12 | W106: 1.8242515e+12 | X106: 1.7510458e+12 | Y106: 1.7440703e+12 | Z106: 1.9423136e+12 | AA106: 1.7993631e+12 | AB106: 1.8448009e+12
A107: GDP (current US$) | B107: NY.GDP.MKTP.CD | C107: Kosovo | D107: XKX | E107: .. | F107: .. | G107: .. | H107: .. | I107: .. | J107: .. | K107: .. | L107: .. | M107: 5.1817768e+09 | N107: 5.0158947e+09 | O107: 5.3439506e+09 | P107: 6.3416136e+09 | Q107: 6.1634842e+09 | R107: 6.7353286e+09 | S107: 7.0743947e+09 | T107: 6.2958484e+09 | U107: 6.6826773e+09 | V107: 7.1807687e+09 | W107: 7.8787628e+09 | X107: 7.8997413e+09 | Y107: 7.7171434e+09 | Z107: 9.4134086e+09 | AA107: 9.3549076e+09 | AB107: 1.0468225e+10
A108: GDP (current US$) | B108: NY.GDP.MKTP.CD | C108: Kuwait | D108: KWT | E108: 3.7718743e+10 | F108: 3.488956e+10 | G108: 3.8135788e+10 | H108: 4.7874582e+10 | I108: 5.9439091e+10 | J108: 8.079863e+10 | K108: 1.0155733e+11 | L108: 1.1463404e+11 | M108: 1.4737974e+11 | N108: 1.0596869e+11 | O108: 1.1541625e+11 | P108: 1.5403923e+11 | Q108: 1.7404766e+11 | R108: 1.7416812e+11 | S108: 1.6265045e+11 | T108: 1.1458556e+11 | U108: 1.0940667e+11 | V108: 1.2068754e+11 | W108: 1.3864632e+11 | X108: 1.4085639e+11 | Y108: 1.1104547e+11 | Z108: 1.4835067e+11 | AA108: 1.8350205e+11 | AB108: 1.6538441e+11
A109: GDP (current US$) | B109: NY.GDP.MKTP.CD | C109: Kyrgyz Republic | D109: KGZ | E109: 1.3696885e+09 | F109: 1.5251164e+09 | G109: 1.6056431e+09 | H109: 1.9190081e+09 | I109: 2.2115346e+09 | J109: 2.4602468e+09 | K109: 2.8341689e+09 | L109: 3.8025706e+09 | M109: 5.1399589e+09 | N109: 4.6900614e+09 | O109: 4.7943619e+09 | P109: 6.197766e+09 | Q109: 6.6051429e+09 | R109: 7.3350338e+09 | S109: 7.4681024e+09 | T109: 6.6781775e+09 | U109: 6.8130954e+09 | V109: 7.7029384e+09 | W109: 8.2711062e+09 | X109: 9.3712753e+09 | Y109: 8.2704686e+09 | Z109: 9.2491339e+09 | AA109: 1.2134931e+10 | AB109: 1.5180842e+10
A110: GDP (current US$) | B110: NY.GDP.MKTP.CD | C110: Lao PDR | D110: LAO | E110: 1.731198e+09 | F110: 1.7686191e+09 | G110: 1.7581767e+09 | H110: 2.0233244e+09 | I110: 2.3663981e+09 | J110: 2.7355587e+09 | K110: 3.4550301e+09 | L110: 4.2231527e+09 | M110: 5.4464332e+09 | N110: 5.8361373e+09 | O110: 7.131771e+09 | P110: 8.7501046e+09 | Q110: 1.0192846e+10 | R110: 1.1983253e+10 | S110: 1.3279246e+10 | T110: 1.442638e+10 | U110: 1.5912502e+10 | V110: 1.7071155e+10 | W110: 1.8141641e+10 | X110: 1.8740562e+10 | Y110: 1.8981805e+10 | Z110: 1.8827149e+10 | AA110: 1.5468785e+10 | AB110: 1.5843156e+10
A111: GDP (current US$) | B111: NY.GDP.MKTP.CD | C111: Latvia | D111: LVA | E111: 7.7612526e+09 | F111: 8.1908887e+09 | G111: 9.2490302e+09 | H111: 1.1244338e+10 | I111: 1.382707e+10 | J111: 1.6306936e+10 | K111: 2.0434922e+10 | L111: 2.9420499e+10 | M111: 3.4135201e+10 | N111: 2.569153e+10 | O111: 2.3468325e+10 | P111: 2.6575548e+10 | Q111: 2.711615e+10 | R111: 2.9152128e+10 | S111: 3.0277204e+10 | T111: 2.6344566e+10 | U111: 2.7117105e+10 | V111: 2.939106e+10 | W111: 3.3247935e+10 | X111: 3.3099504e+10 | Y111: 3.3379927e+10 | Z111: 3.8183327e+10 | AA111: 3.8003199e+10 | AB111: 4.2779551e+10
...

Sheet CH4_Em
A1: Series Name | B1: Series Code | C1: Country Name | D1: Country Code | E1: 2000 | F1: 2001 | G1: 2002 | H1: 2003 | I1: 2004 | J1: 2005 | K1: 2006 | L1: 2007 | M1: 2008 | N1: 2009 | O1: 2010 | P1: 2011 | Q1: 2012 | R1: 2013 | S1: 2014 | T1: 2015 | U1: 2016 | V1: 2017 | W1: 2018 | X1: 2019 | Y1: 2020 | Z1: 2021 | AA1: 2022 | AB1: 2023 | AC1: 2024 | AD1: 2025
A2: Methane (CH4) emissions from Agriculture (Mt CO2e) | B2: EN.GHG.CH4.AG.MT.CE.AR5 | C2: Afghanistan | D2: AFG | E2: 9.5435 | F2: 8.012 | G2: 10.1641 | H2: 10.5081 | I2: 10.6837 | J2: 10.2225 | K2: 10.2411 | L2: 10.5647 | M2: 11.6608 | N2: 12.0455 | O2: 13.6515 | P2: 13.5864 | Q2: 13.1225 | R2: 12.8916 | S2: 13.2465 | T2: 12.4692 | U2: 11.9603 | V2: 11.5819 | W2: 11.8867 | X2: 12.053 | Y2: 12.3271 | Z2: 12.3193 | AA2: 12.3824 | AB2: 12.3887 | AC2: 12.4833 | AD2: ..
A3: Methane (CH4) emissions from Agriculture (Mt CO2e) | B3: EN.GHG.CH4.AG.MT.CE.AR6 | C3: Albania | D3: ALB | E3: 2.3928 | F3: 2.3545 | G3: 2.3091 | H3: 2.341 | I3: 2.2458 | J3: 2.2002 | K3: 2.1779 | L3: 2.0644 | M3: 1.9492 | N3: 1.8525 | O3: 1.8668 | P3: 1.8729 | Q3: 1.9231 | R3: 1.9663 | S3: 2.0053 | T3: 2.0165 | U3: 2.0009 | V3: 1.9533 | W3: 1.9102 | X3: 1.7559 | Y3: 1.5737 | Z3: 1.4787 | AA3: 1.35 | AB3: 1.2102 | AC3: 1.0701 | AD3: ..
A4: Methane (CH4) emissions from Agriculture (Mt CO2e) | B4: EN.GHG.CH4.AG.MT.CE.AR7 | C4: Algeria | D4: DZA | E4: 5.6225 | F4: 5.6497 | G4: 5.4883 | H4: 5.6301 | I4: 5.8711 | J4: 5.9283 | K4: 6.1188 | L4: 6.1983 | M4: 6.1633 | N4: 6.4622 | O4: 6.8783 | P4: 7.239 | Q4: 7.5631 | R4: 7.8728 | S4: 8.4059 | T4: 8.6527 | U4: 8.5602 | V4: 8.3831 | W4: 8.2957 | X4: 8.3528 | Y4: 8.5234 | Z4: 8.5833 | AA4: 8.6426 | AB4: 8.8292 | AC4: 8.936 | AD4: ..
A5: Methane (CH4) emissions from Agriculture (Mt CO2e) | B5: EN.GHG.CH4.AG.MT.CE.AR8 | C5: American Samoa | D5: ASM | E5: 0.004 | F5: 0.004 | G5: 0.004 | H5: 0.004 | I5: 0.004 | J5: 0.004 | K5: 0.004 | L5: 0.004 | M5: 0.004 | N5: 0.004 | O5: 0.004 | P5: 0.004 | Q5: 0.004 | R5: 0.004 | S5: 0.004 | T5: 0.004 | U5: 0.004 | V5: 0.004 | W5: 0.004 | X5: 0.004 | Y5: 0.004 | Z5: 0.004 | AA5: 0.004 | AB5: 0.004 | AC5: 0.004 | AD5: ..
A6: Methane (CH4) emissions from Agriculture (Mt CO2e) | B6: EN.GHG.CH4.AG.MT.CE.AR9 | C6: Andorra | D6: AND | E6: .. | F6: .. | G6: .. | H6: .. | I6: .. | J6: .. | K6: .. | L6: .. | M6: .. | N6: .. | O6: .. | P6: .. | Q6: .. | R6: .. | S6: .. | T6: .. | U6: .. | V6: .. | W6: .. | X6: .. | Y6: .. | Z6: .. | AA6: .. | AB6: .. | AC6: .. | AD6: ..
A7: Methane (CH4) emissions from Agriculture (Mt CO2e) | B7: EN.GHG.CH4.AG.MT.CE.AR10 | C7: Angola | D7: AGO | E7: 5.1767 | F7: 5.1887 | G7: 5.1233 | H7: 5.0531 | I7: 4.9469 | J7: 5.3786 | K7: 5.4981 | L7: 5.6415 | M7: 5.7552 | N7: 5.9338 | O7: 6.0847 | P7: 6.2484 | Q7: 6.327 | R7: 6.5573 | S7: 6.6956 | T7: 6.8523 | U7: 6.9685 | V7: 6.8481 | W7: 6.8036 | X7: 7.0802 | Y7: 7.1146 | Z7: 7.1939 | AA7: 7.2824 | AB7: 7.1879 | AC7: 7.2478 | AD7: ..
A8: Methane (CH4) emissions from Agriculture (Mt CO2e) | B8: EN.GHG.CH4.AG.MT.CE.AR11 | C8: Antigua and Barbuda | D8: ATG | E8: 0.031 | F8: 0.0319 | G8: 0.0324 | H8: 0.0328 | I8: 0.0335 | J8: 0.0334 | K8: 0.0336 | L8: 0.0335 | M8: 0.0334 | N8: 0.0333 | O8: 0.0158 | P8: 0.0159 | Q8: 0.0159 | R8: 0.0159 | S8: 0.0159 | T8: 0.0159 | U8: 0.0158 | V8: 0.0159 | W8: 0.0149 | X8: 0.0125 | Y8: 0.012 | Z8: 0.0116 | AA8: 0.0112 | AB8: 0.0129 | AC8: 0.0125 | AD8: ..
A9: Methane (CH4) emissions from Agriculture (Mt CO2e) | B9: EN.GHG.CH4.AG.MT.CE.AR12 | C9: Argentina | D9: ARG | E9: 95.5734 | F9: 95.6984 | G9: 100.8519 | H9: 107.8627 | I9: 109.997 | J9: 110.7595 | K9: 113.2453 | L9: 114.3336 | M9: 112.5107 | N9: 106.4416 | O9: 97.6415 | P9: 96.1654 | Q9: 99.1014 | R9: 101.3174 | S9: 102.15 | T9: 101.5162 | U9: 103.0171 | V9: 106.9121 | W9: 106.3249 | X9: 107.1145 | Y9: 106.0454 | Z9: 103.9611 | AA9: 105.2629 | AB9: 104.5161 | AC9: 105.3821 | AD9: ..
A10: Methane (CH4) emissions from Agriculture (Mt CO2e) | B10: EN.GHG.CH4.AG.MT.CE.AR13 | C10: Armenia | D10: ARM | E10: 1.2064 | F10: 1.2412 | G10: 1.2985 | H10: 1.3542 | I10: 1.4253 | J10: 1.4213 | K10: 1.4525 | L10: 1.5153 | M10: 1.521 | N10: 1.4068 | O10: 1.3692 | P10: 1.3699 | Q10: 1.4408 | R10: 1.5874 | S10: 1.634 | T10: 1.6612 | U10: 1.6965 | V10: 1.5844 | W10: 1.4392 | X10: 1.3917 | Y10: 1.4126 | Z10: 1.4899 | AA10: 1.3852 | AB10: 1.2614 | AC10: 1.2631 | AD10: ..
A11: Methane (CH4) emissions from Agriculture (Mt CO2e) | B11: EN.GHG.CH4.AG.MT.CE.AR14 | C11: Aruba | D11: ABW | E11: 0.0014 | F11: 0.0014 | G11: 0.0014 | H11: 0.0014 | I11: 0.0014 | J11: 0.0014 | K11: 0.0014 | L11: 0.0014 | M11: 0.0014 | N11: 0.0014 | O11: 0.0014 | P11: 0.0014 | Q11: 0.0014 | R11: 0.0014 | S11: 0.0014 | T11: 0.0014 | U11: 0.0014 | V11: 0.0014 | W11: 0.0014 | X11: 0.0014 | Y11: 0.0014 | Z11: 0.0015 | AA11: 0.0015 | AB11: 0.0015 | AC11: 0.0015 | AD11: ..
A12: Methane (CH4) emissions from Agriculture (Mt CO2e) | B12: EN.GHG.CH4.AG.MT.CE.AR15 | C12: Australia | D12: AUS | E12: 88.5281 | F12: 87.5876 | G12: 86.8955 | H12: 82.2352 | I12: 85.0559 | J12: 85.5892 | K12: 85.0017 | L12: 82.57 | M12: 78.6682 | N12: 79.3246 | O12: 75.9109 | P12: 81.325 | Q12: 82.1396 | R12: 84.3242 | S12: 83.241 | T12: 79.6591 | U12: 73.421 | V12: 77.3679 | W12: 77.2308 | X12: 72.1408 | Y12: 69.0154 | Z12: 72.5942 | AA12: 73.0429 | AB12: 84.6281 | AC12: 84.701 | AD12: ..
A13: Methane (CH4) emissions from Agriculture (Mt CO2e) | B13: EN.GHG.CH4.AG.MT.CE.AR16 | C13: Austria | D13: AUT | E13: 5.7815 | F13: 5.7875 | G13: 5.7419 | H13: 5.5893 | I13: 5.5172 | J13: 5.4 | K13: 5.4204 | L13: 5.3954 | M13: 5.4458 | N13: 5.4313 | O13: 5.5451 | P13: 5.5543 | Q13: 5.471 | R13: 5.4509 | S13: 5.4632 | T13: 5.4809 | U13: 5.4718 | V13: 5.4694 | W13: 5.3837 | X13: 5.3065 | Y13: 5.2711 | Z13: 5.3001 | AA13: 5.2986 | AB13: 5.2077 | AC13: 5.2082 | AD13: ..
A14: Methane (CH4) emissions from Agriculture (Mt CO2e) | B14: EN.GHG.CH4.AG.MT.CE.AR17 | C14: Azerbaijan | D14: AZE | E14: 5.3504 | F14: 5.6479 | G14: 5.8418 | H14: 6.1121 | I14: 6.3158 | J14: 6.5094 | K14: 6.7816 | L14: 6.9669 | M14: 7.1762 | N14: 7.3445 | O14: 7.4423 | P14: 7.4784 | Q14: 7.5557 | R14: 7.6589 | S14: 7.7698 | T14: 7.8144 | U14: 7.7938 | V14: 7.7395 | W14: 7.6691 | X14: 7.6327 | Y14: 7.5896 | Z14: 7.5401 | AA14: 7.4591 | AB14: 7.1169 | AC14: 7.0345 | AD14: ..
A15: Methane (CH4) emissions from Agriculture (Mt CO2e) | B15: EN.GHG.CH4.AG.MT.CE.AR18 | C15: Bahamas, The | D15: BHS | E15: 0.0055 | F15: 0.0057 | G15: 0.0054 | H15: 0.0057 | I15: 0.0059 | J15: 0.0059 | K15: 0.0059 | L15: 0.006 | M15: 0.006 | N15: 0.006 | O15: 0.006 | P15: 0.006 | Q15: 0.0061 | R15: 0.0061 | S15: 0.0061 | T15: 0.0061 | U15: 0.0061 | V15: 0.0061 | W15: 0.0061 | X15: 0.0061 | Y15: 0.0061 | Z15: 0.0061 | AA15: 0.0061 | AB15: 0.0062 | AC15: 0.0062 | AD15: ..
A16: Methane (CH4) emissions from Agriculture (Mt CO2e) | B16: EN.GHG.CH4.AG.MT.CE.AR19 | C16: Bahrain | D16: BHR | E16: 0.0248 | F16: 0.0225 | G16: 0.0305 | H16: 0.0258 | I16: 0.0231 | J16: 0.0242 | K16: 0.0235 | L16: 0.0236 | M16: 0.0199 | N16: 0.02 | O16: 0.0237 | P16: 0.0238 | Q16: 0.0242 | R16: 0.0248 | S16: 0.0247 | T16: 0.0238 | U16: 0.0238 | V16: 0.0237 | W16: 0.0268 | X16: 0.0277 | Y16: 0.0255 | Z16: 0.0265 | AA16: 0.0272 | AB16: 0.0267 | AC16: 0.0267 | AD16: ..
A17: Methane (CH4) emissions from Agriculture (Mt CO2e) | B17: EN.GHG.CH4.AG.MT.CE.AR20 | C17: Bangladesh | D17: BGD | E17: 44.2718 | F17: 44.2104 | G17: 44.9228 | H17: 45.2811 | I17: 44.8767 | J17: 45.7369 | K17: 46.3095 | L17: 46.7482 | M17: 48.2702 | N17: 48.8431 | O17: 49.5964 | P17: 50.0417 | Q17: 50.2725 | R17: 50.4681 | S17: 50.7275 | T17: 50.8555 | U17: 50.4119 | V17: 51.5698 | W17: 51.6336 | X17: 51.8718 | Y17: 52.0419 | Z17: 52.7777 | AA17: 53.0532 | AB17: 48.5841 | AC17: 47.4059 | AD17: ..
A18: Methane (CH4) emissions from Agriculture (Mt CO2e) | B18: EN.GHG.CH4.AG.MT.CE.AR21 | C18: Barbados | D18: BRB | E18: 0.0492 | F18: 0.0448 | G18: 0.0416 | H18: 0.0383 | I18: 0.0353 | J18: 0.0326 | K18: 0.0278 | L18: 0.0255 | M18: 0.0266 | N18: 0.029 | O18: 0.0288 | P18: 0.0287 | Q18: 0.0291 | R18: 0.029 | S18: 0.0288 | T18: 0.0285 | U18: 0.0283 | V18: 0.0286 | W18: 0.0288 | X18: 0.0297 | Y18: 0.0302 | Z18: 0.0305 | AA18: 0.0309 | AB18: 0.028 | AC18: 0.0279 | AD18: ..
... A40: Methane (CH4) emissions from Agriculture (Mt CO2e) | B40: EN.GHG.CH4.AG.MT.CE.AR43 | C40: Chad | D40: TCD | E40: 17.3709 | F40: 18.3822 | G40: 19.4585 | H40: 20.5807 | I40: 21.7339 | J40: 23.0214 | K40: 24.3422 | L40: 25.7784 | M40: 27.3238 | N40: 28.9236 | O40: 30.6627 | P40: 32.331 | Q40: 34.2365 | R40: 36.3421 | S40: 38.3718 | T40: 41.6311 | U40: 44.062 | V40: 46.6975 | W40: 49.4449 | X40: 52.3764 | Y40: 55.4601 | Z40: 58.1151 | AA40: 61.9805 | AB40: 65.8737 | AC40: 69.1677 | AD40: ..
A41: Methane (CH4) emissions from Agriculture (Mt CO2e) | B41: EN.GHG.CH4.AG.MT.CE.AR44 | C41: Channel Islands | D41: CHI | E41: .. | F41: .. | G41: .. | H41: .. | I41: .. | J41: .. | K41: .. | L41: .. | M41: .. | N41: .. | O41: .. | P41: .. | Q41: .. | R41: .. | S41: .. | T41: .. | U41: .. | V41: .. | W41: .. | X41: .. | Y41: .. | Z41: .. | AA41: .. | AB41: .. | AC41: .. | AD41: ..
A42: Methane (CH4) emissions from Agriculture (Mt CO2e) | B42: EN.GHG.CH4.AG.MT.CE.AR45 | C42: Chile | D42: CHL | E42: 9.0012 | F42: 8.9113 | G42: 8.8224 | H42: 8.7841 | I42: 8.9029 | J42: 8.8807 | K42: 8.7887 | L42: 8.4909 | M42: 8.6451 | N42: 8.7544 | O42: 8.7017 | P42: 8.6254 | Q42: 8.6755 | R42: 7.1549 | S42: 6.7966 | T42: 6.4143 | U42: 6.5836 | V42: 6.6588 | W42: 6.8836 | X42: 7.1222 | Y42: 7.2805 | Z42: 6.8801 | AA42: 6.7649 | AB42: 6.6331 | AC42: 6.6465 | AD42: ..
A43: Methane (CH4) emissions from Agriculture (Mt CO2e) | B43: EN.GHG.CH4.AG.MT.CE.AR46 | C43: China | D43: CHN | E43: 513.0751 | F43: 497.2657 | G43: 485.179 | H43: 469.4213 | I43: 487.4993 | J43: 487.9955 | K43: 488.4152 | L43: 480.1766 | M43: 489.4613 | N43: 488.617 | O43: 486.7554 | P43: 483.7363 | Q43: 483.3797 | R43: 483.2052 | S43: 484.9423 | T43: 487.3929 | U43: 488.1849 | V43: 481.1923 | W43: 478.809 | X43: 465.559 | Y43: 475.7055 | Z43: 480.2183 | AA43: 477.155 | AB43: 500.243 | AC43: 498.9837 | AD43: ..
A44: Methane (CH4) emissions from Agriculture (Mt CO2e) | B44: EN.GHG.CH4.AG.MT.CE.AR47 | C44: Colombia | D44: COL | E44: 47.5617 | F44: 47.8775 | G44: 48.1491 | H44: 48.6765 | I44: 49.0249 | J44: 49.9482 | K44: 50.3491 | L44: 51.456 | M44: 52.2837 | N44: 52.0509 | O44: 53.1813 | P44: 50.209 | Q44: 47.6684 | R44: 47.3491 | S44: 45.0824 | T44: 44.5227 | U44: 45.7483 | V44: 48.7999 | W44: 51.8404 | X44: 54.2887 | Y44: 56.1059 | Z44: 58.7012 | AA44: 58.7654 | AB44: 58.7372 | AC44: 58.8592 | AD44: ..
A45: Methane (CH4) emissions from Agriculture (Mt CO2e) | B45: EN.GHG.CH4.AG.MT.CE.AR48 | C45: Comoros | D45: COM | E45: 0.0795 | F45: 0.0812 | G45: 0.0829 | H45: 0.0732 | I45: 0.0759 | J45: 0.0735 | K45: 0.075 | L45: 0.0748 | M45: 0.0741 | N45: 0.0731 | O45: 0.0709 | P45: 0.0715 | Q45: 0.0714 | R45: 0.0716 | S45: 0.0714 | T45: 0.0715 | U45: 0.0718 | V45: 0.0721 | W45: 0.0723 | X45: 0.0724 | Y45: 0.0722 | Z45: 0.0723 | AA45: 0.0724 | AB45: 0.0725 | AC45: 0.0725 | AD45: ..
A46: Methane (CH4) emissions from Agriculture (Mt CO2e) | B46: EN.GHG.CH4.AG.MT.CE.AR49 | C46: Congo, Dem. Rep. | D46: COD | E46: 1.8523 | F46: 1.802 | G46: 1.7503 | H46: 1.7509 | I46: 1.7518 | J46: 1.7521 | K46: 1.7532 | L46: 1.7535 | M46: 1.7554 | N46: 1.7552 | O46: 1.9209 | P46: 1.9193 | Q46: 2.0619 | R46: 2.1649 | S46: 2.2258 | T46: 2.2909 | U46: 2.3436 | V46: 2.4002 | W46: 2.4726 | X46: 2.5478 | Y46: 2.6834 | Z46: 2.8542 | AA46: 3.0381 | AB46: 3.3299 | AC46: 3.5031 | AD46: ..
A47: Methane (CH4) emissions from Agriculture (Mt CO2e) | B47: EN.GHG.CH4.AG.MT.CE.AR50 | C47: Congo, Rep. | D47: COG | E47: 0.1613 | F47: 0.1649 | G47: 0.171 | H47: 0.1783 | I47: 0.2326 | J47: 0.2872 | K47: 0.3458 | L47: 0.4077 | M47: 0.4448 | N47: 0.4385 | O47: 0.4699 | P47: 0.4743 | Q47: 0.4745 | R47: 0.4746 | S47: 0.4774 | T47: 0.4767 | U47: 0.476 | V47: 0.4747 | W47: 0.4735 | X47: 0.4739 | Y47: 0.4725 | Z47: 0.4719 | AA47: 0.4717 | AB47: 0.4626 | AC47: 0.4604 | AD47: ..
A48: Methane (CH4) emissions from Agriculture (Mt CO2e) | B48: EN.GHG.CH4.AG.MT.CE.AR51 | C48: Costa Rica | D48: CRI | E48: 3.0603 | F48: 2.8899 | G48: 2.7338 | H48: 2.6521 | I48: 2.5637 | J48: 2.6796 | K48: 2.5771 | L48: 2.7619 | M48: 2.9652 | N48: 3.0329 | O48: 3.1757 | P48: 3.2074 | Q48: 2.9875 | R48: 3.0618 | S48: 2.9377 | T48: 2.9812 | U48: 3.142 | V48: 3.2351 | W48: 3.4267 | X48: 3.4991 | Y48: 3.1262 | Z48: 3.4655 | AA48: 3.5189 | AB48: 4.3964 | AC48: 4.383 | AD48: ..
A49: Methane (CH4) emissions from Agriculture (Mt CO2e) | B49: EN.GHG.CH4.AG.MT.CE.AR52 | C49: Cote d'Ivoire | D49: CIV | E49: 2.1522 | F49: 2.1934 | G49: 2.2344 | H49: 2.2733 | I49: 2.316 | J49: 2.3692 | K49: 2.4224 | L49: 2.4455 | M49: 2.5078 | N49: 2.5643 | O49: 2.642 | P49: 2.5957 | Q49: 2.8464 | R49: 2.9643 | S49: 3.0076 | T49: 3.0539 | U49: 3.1476 | V49: 3.2967 | W49: 3.3704 | X49: 3.4195 | Y49: 3.3829 | Z49: 3.5358 | AA49: 3.5096 | AB49: 3.7948 | AC49: 3.8818 | AD49: ..
A50: Methane (CH4) emissions from Agriculture (Mt CO2e) | B50: EN.GHG.CH4.AG.MT.CE.AR53 | C50: Croatia | D50: HRV | E50: 1.4507 | F50: 1.5052 | G50: 1.4865 | H50: 1.5533 | I50: 1.6763 | J50: 1.6329 | K50: 1.6533 | L50: 1.5799 | M50: 1.4912 | N50: 1.4646 | O50: 1.4162 | P50: 1.4799 | Q50: 1.5388 | R50: 1.5271 | S50: 1.6293 | T50: 1.6831 | U50: 1.69 | V50: 1.71 | W50: 1.6049 | X50: 1.6298 | Y50: 1.6191 | Z50: 1.6247 | AA50: 1.5753 | AB50: 1.512 | AC50: 1.4934 | AD50: ..
A51: Methane (CH4) emissions from Agriculture (Mt CO2e) | B51: EN.GHG.CH4.AG.MT.CE.AR54 | C51: Cuba | D51: CUB | E51: 8.1137 | F51: 7.8998 | G51: 7.916 | H51: 7.934 | I51: 7.51 | J51: 6.8601 | K51: 7.1704 | L51: 7.3358 | M51: 7.6139 | N51: 8.0956 | O51: 8.0886 | P51: 8.3218 | Q51: 8.3925 | R51: 8.455 | S51: 8.4539 | T51: 8.0766 | U51: 8.1916 | V51: 7.8289 | W51: 7.8109 | X51: 7.7195 | Y51: 7.2902 | Z51: 7.0612 | AA51: 6.7823 | AB51: 6.5512 | AC51: 6.4221 | AD51: ..
A52: Methane (CH4) emissions from Agriculture (Mt CO2e) | B52: EN.GHG.CH4.AG.MT.CE.AR55 | C52: Curacao | D52: CUW | E52: .. | F52: .. | G52: .. | H52: .. | I52: .. | J52: .. | K52: .. | L52: .. | M52: .. | N52: .. | O52: .. | P52: .. | Q52: .. | R52: .. | S52: .. | T52: .. | U52: .. | V52: .. | W52: .. | X52: .. | Y52: .. | Z52: .. | AA52: .. | AB52: .. | AC52: .. | AD52: ..
A53: Methane (CH4) emissions from Agriculture (Mt CO2e) | B53: EN.GHG.CH4.AG.MT.CE.AR56 | C53: Cyprus | D53: CYP | E53: 0.349 | F53: 0.3729 | G53: 0.3948 | H53: 0.3778 | I53: 0.3687 | J53: 0.347 | K53: 0.3516 | L53: 0.347 | M53: 0.3484 | N53: 0.3498 | O53: 0.3649 | P53: 0.3714 | Q53: 0.3628 | R53: 0.3519 | S53: 0.3617 | T53: 0.3556 | U53: 0.3746 | V53: 0.3942 | W53: 0.4035 | X53: 0.4188 | Y53: 0.4571 | Z53: 0.4639 | AA53: 0.4489 | AB53: 0.4511 | AC53: 0.4597 | AD53: ..
A54: Methane (CH4) emissions from Agriculture (Mt CO2e) | B54: EN.GHG.CH4.AG.MT.CE.AR57 | C54: Czechia | D54: CZE | E54: 5.8753 | F54: 5.9327 | G54: 5.694 | H54: 5.4988 | I54: 5.3629 | J54: 5.1521 | K54: 5.1155 | L54: 5.1207 | M54: 5.1602 | N54: 5.0313 | O54: 5.0036 | P54: 4.95 | Q54: 4.9655 | R54: 5.0301 | S54: 5.1104 | T54: 5.2139 | U54: 5.2383 | V54: 5.226 | W54: 5.0647 | X54: 5.0731 | Y54: 4.9885 | Z54: 5.0347 | AA54: 5.1 | AB54: 5.0568 | AC54: 5.0507 | AD54: ..
A55: Methane (CH4) emissions from Agriculture (Mt CO2e) | B55: EN.GHG.CH4.AG.MT.CE.AR58 | C55: Denmark | D55: DNK | E55: 7.1602 | F55: 7.3207 | G55: 7.2077 | H55: 7.1392 | I55: 7.0484 | J55: 6.864 | K55: 6.7276 | L55: 6.8417 | M55: 6.688 | N55: 6.6371 | O55: 6.9336 | P55: 6.9035 | Q55: 6.9077 | R55: 6.8395 | S55: 6.7624 | T55: 6.7882 | U55: 6.8122 | V55: 6.7827 | W55: 6.8131 | X55: 6.7938 | Y55: 6.9329 | Z55: 6.8356 | AA55: 6.4641 | AB55: 6.3384 | AC55: 6.3396 | AD55: ..
A56: Methane (CH4) emissions from Agriculture (Mt CO2e) | B56: EN.GHG.CH4.AG.MT.CE.AR59 | C56: Djibouti | D56: DJI | E56: 0.5025 | F56: 0.5031 | G56: 0.5032 | H56: 0.5047 | I56: 0.5098 | J56: 0.5102 | K56: 0.5024 | L56: 0.5029 | M56: 0.5029 | N56: 0.5045 | O56: 0.5045 | P56: 0.5041 | Q56: 0.508 | R56: 0.508 | S56: 0.5099 | T56: 0.5117 | U56: 0.5138 | V56: 0.5158 | W56: 0.5174 | X56: 0.5112 | Y56: 0.511 | Z56: 0.511 | AA56: 0.5111 | AB56: 0.5218 | AC56: 0.5227 | AD56: ..
A57: Methane (CH4) emissions from Agriculture (Mt CO2e) | B57: EN.GHG.CH4.AG.MT.CE.AR60 | C57: Dominica | D57: DMA | E57: 0.0259 | F57: 0.0259 | G57: 0.0259 | H57: 0.0259 | I57: 0.0259 | J57: 0.0259 | K57: 0.026 | L57: 0.0261 | M57: 0.0261 | N57: 0.0261 | O57: 0.0263 | P57: 0.0267 | Q57: 0.0272 | R57: 0.0271 | S57: 0.0271 | T57: 0.027 | U57: 0.027 | V57: 0.027 | W57: 0.0269 | X57: 0.0271 | Y57: 0.0271 | Z57: 0.0271 | AA57: 0.0272 | AB57: 0.0272 | AC57: 0.0272 | AD57: ..
A58: Methane (CH4) emissions from Agriculture (Mt CO2e) | B58: EN.GHG.CH4.AG.MT.CE.AR61 | C58: Dominican Republic | D58: DOM | E58: 4.3499 | F58: 4.6036 | G58: 4.7602 | H58: 4.6877 | I58: 5.1972 | J58: 4.8257 | K58: 4.9363 | L58: 5.6703 | M58: 5.8406 | N58: 6.0443 | O58: 6.2168 | P58: 6.2841 | Q58: 6.2913 | R58: 6.3219 | S58: 6.3499 | T58: 6.33 | U58: 6.3691 | V58: 6.453 | W58: 6.5453 | X58: 6.5503 | Y58: 6.5908 | Z58: 6.6735 | AA58: 6.7307 | AB58: 6.697 | AC58: 6.7026 | AD58: ..
A59: Methane (CH4) emissions from Agriculture (Mt CO2e) | B59: EN.GHG.CH4.AG.MT.CE.AR62 | C59: Ecuador | D59: ECU | E59: 9.4341 | F59: 10.4419 | G59: 10.8336 | H59: 11.6926 | I59: 12.4583 | J59: 11.1051 | K59: 11.1528 | L59: 10.805 | M59: 10.8692 | N59: 11.6148 | O59: 11.7374 | P59: 11.7096 | Q59: 11.5625 | R59: 11.5398 | S59: 10.3257 | T59: 9.4576 | U59: 9.3785 | V59: 9.4574 | W59: 8.9401 | X59: 9.2833 | Y59: 9.5339 | Z59: 9.1851 | AA59: 8.7595 | AB59: 8.5377 | AC59: 8.4405 | AD59: ..
A60: Methane (CH4) emissions from Agriculture (Mt CO2e) | B60: EN.GHG.CH4.AG.MT.CE.AR63 | C60: Egypt | D60: EGY | E60: 17.5419 | F60: 17.2445 | G60: 18.9027 | H60: 19.464 | I60: 19.844 | J60: 19.9533 | K60: 20.786 | L60: 22.0464 | M60: 22.7063 | N60: 20.1527 | O60: 19.479 | P60: 21.0202 | Q60: 21.9246 | R60: 21.0114 | S60: 20.8568 | T60: 20.2171 | U60: 20.524 | V60: 19.2057 | W60: 17.3918 | X60: 12.2821 | Y60: 11.7445 | Z60: 11.8957 | AA60: 12.3201 | AB60: 13.8191 | AC60: 13.3955 | AD60: ..
A61: Methane (CH4) emissions from Agriculture (Mt CO2e) | B61: EN.GHG.CH4.AG.MT.CE.AR64 | C61: El Salvador | D61: SLV | E61: 1.884 | F61: 2.1252 | G61: 2.2531 | H61: 2.169 | I61: 2.1941 | J61: 2.185 | K61: 2.2733 | L61: 2.3577 | M61: 2.425 | N61: 2.3313 | O61: 2.1672 | P61: 1.8683 | Q61: 2.0355 | R61: 1.6682 | S61: 1.9599 | T61: 1.9143 | U61: 1.7674 | V61: 1.7004 | W61: 1.5488 | X61: 1.4754 | Y61: 1.5877 | Z61: 1.6517 | AA61: 1.6211 | AB61: 1.5697 | AC61: 1.5704 | AD61: ..
A62: Methane (CH4) emissions from Agriculture (Mt CO2e) | B62: EN.GHG.CH4.AG.MT.CE.AR65 | C62: Equatorial Guinea | D62: GNQ | E62: 0.0128 | F62: 0.0129 | G62: 0.013 | H62: 0.0131 | I62: 0.0131 | J62: 0.0132 | K62: 0.0133 | L62: 0.0134 | M62: 0.0134 | N62: 0.0135 | O62: 0.0138 | P62: 0.0138 | Q62: 0.014 | R62: 0.0141 | S62: 0.0142 | T62: 0.0143 | U62: 0.0143 | V62: 0.0144 | W62: 0.0145 | X62: 0.0146 | Y62: 0.0147 | Z62: 0.0147 | AA62: 0.0148 | AB62: 0.0153 | AC62: 0.0154 | AD62: ..
A63: Methane (CH4) emissions from Agriculture (Mt CO2e) | B63: EN.GHG.CH4.AG.MT.CE.AR66 | C63: Eritrea | D63: ERI | E63: 2.9115 | F63: 2.7622 | G63: 2.7108 | H63: 2.787 | I63: 2.8155 | J63: 2.8493 | K63: 2.7857 | L63: 2.9081 | M63: 2.9029 | N63: 2.9105 | O63: 2.8714 | P63: 2.9496 | Q63: 2.9688 | R63: 2.9972 | S63: 3.0085 | T63: 3.0217 | U63: 3.0444 | V63: 3.063 | W63: 3.0808 | X63: 3.0905 | Y63: 3.0968 | Z63: 3.113 | AA63: 3.1285 | AB63: 3.1379 | AC63: 3.1494 | AD63: ..
A64: Methane (CH4) emissions from Agriculture (Mt CO2e) | B64: EN.GHG.CH4.AG.MT.CE.AR67 | C64: Estonia | D64: EST | E64: 0.7992 | F64: 0.7973 | G64: 0.8014 | H64: 0.7948 | I64: 0.824 | J64: 0.7783 | K64: 0.8049 | L64: 0.7788 | M64: 0.7923 | N64: 0.7956 | O64: 0.8001 | P64: 0.8239 | Q64: 0.8413 | R64: 0.8775 | S64: 0.9287 | T64: 0.9424 | U64: 0.8691 | V64: 0.8797 | W64: 0.8774 | X64: 0.8842 | Y64: 0.8816 | Z64: 0.8722 | AA64: 0.8641 | AB64: 0.8412 | AC64: 0.8405 | AD64: ..
... A76: Methane (CH4) emissions from Agriculture (Mt CO2e) | B76: EN.GHG.CH4.AG.MT.CE.AR79 | C76: Ghana | D76: GHA | E76: 2.5673 | F76: 2.6592 | G76: 2.6961 | H76: 2.7319 | I76: 2.817 | J76: 2.8773 | K76: 2.9213 | L76: 2.9038 | M76: 3.1064 | N76: 3.2944 | O76: 3.459 | P76: 3.5918 | Q76: 3.7013 | R76: 3.9178 | S76: 4.0903 | T76: 4.2781 | U76: 4.4952 | V76: 4.7305 | W76: 4.7263 | X76: 5.1027 | Y76: 5.3938 | Z76: 5.7423 | AA76: 5.936 | AB76: 6.1507 | AC76: 6.2048 | AD76: ..
A77: Methane (CH4) emissions from Agriculture (Mt CO2e) | B77: EN.GHG.CH4.AG.MT.CE.AR80 | C77: Gibraltar | D77: GIB | E77: .. | F77: .. | G77: .. | H77: .. | I77: .. | J77: .. | K77: .. | L77: .. | M77: .. | N77: .. | O77: .. | P77: .. | Q77: .. | R77: .. | S77: .. | T77: .. | U77: .. | V77: .. | W77: .. | X77: .. | Y77: .. | Z77: .. | AA77: .. | AB77: .. | AC77: .. | AD77: ..
A78: Methane (CH4) emissions from Agriculture (Mt CO2e) | B78: EN.GHG.CH4.AG.MT.CE.AR81 | C78: Greece | D78: GRC | E78: 4.927 | F78: 4.8594 | G78: 4.8658 | H78: 4.8261 | I78: 4.8925 | J78: 4.7919 | K78: 4.8365 | L78: 4.9198 | M78: 4.9575 | N78: 4.8183 | O78: 4.8786 | P78: 4.8507 | Q78: 4.8226 | R78: 4.6785 | S78: 4.6007 | T78: 4.546 | U78: 4.5148 | V78: 4.5646 | W78: 4.2431 | X78: 4.199 | Y78: 4.197 | Z78: 4.1691 | AA78: 3.9692 | AB78: 4.1487 | AC78: 4.1006 | AD78: ..
A79: Methane (CH4) emissions from Agriculture (Mt CO2e) | B79: EN.GHG.CH4.AG.MT.CE.AR82 | C79: Greenland | D79: GRL | E79: 0.0047 | F79: 0.0047 | G79: 0.0044 | H79: 0.0045 | I79: 0.0044 | J79: 0.0044 | K79: 0.0045 | L79: 0.0046 | M79: 0.0046 | N79: 0.0046 | O79: 0.0046 | P79: 0.0046 | Q79: 0.0046 | R79: 0.0047 | S79: 0.0045 | T79: 0.0045 | U79: 0.0044 | V79: 0.0044 | W79: 0.0044 | X79: 0.0044 | Y79: 0.0044 | Z79: 0.0044 | AA79: 0.0044 | AB79: 0.0045 | AC79: 0.0045 | AD79: ..
A80: Methane (CH4) emissions from Agriculture (Mt CO2e) | B80: EN.GHG.CH4.AG.MT.CE.AR83 | C80: Grenada | D80: GRD | E80: 0.01 | F80: 0.01 | G80: 0.0101 | H80: 0.0102 | I80: 0.0102 | J80: 0.0102 | K80: 0.0102 | L80: 0.0102 | M80: 0.0105 | N80: 0.0105 | O80: 0.0102 | P80: 0.0102 | Q80: 0.0104 | R80: 0.0103 | S80: 0.0104 | T80: 0.0104 | U80: 0.0104 | V80: 0.0104 | W80: 0.0104 | X80: 0.0104 | Y80: 0.0104 | Z80: 0.0104 | AA80: 0.0104 | AB80: 0.0131 | AC80: 0.0137 | AD80: ..
A81: Methane (CH4) emissions from Agriculture (Mt CO2e) | B81: EN.GHG.CH4.AG.MT.CE.AR84 | C81: Guam | D81: GUM | E81: 0.0022 | F81: 0.0022 | G81: 0.0023 | H81: 0.0023 | I81: 0.0023 | J81: 0.0023 | K81: 0.0023 | L81: 0.0024 | M81: 0.0024 | N81: 0.0024 | O81: 0.0024 | P81: 0.0025 | Q81: 0.0026 | R81: 0.0026 | S81: 0.0026 | T81: 0.0026 | U81: 0.0026 | V81: 0.0027 | W81: 0.0027 | X81: 0.0027 | Y81: 0.0027 | Z81: 0.0027 | AA81: 0.0028 | AB81: 0.0028 | AC81: 0.0028 | AD81: ..
A82: Methane (CH4) emissions from Agriculture (Mt CO2e) | B82: EN.GHG.CH4.AG.MT.CE.AR85 | C82: Guatemala | D82: GTM | E82: 4.3733 | F82: 4.5655 | G82: 4.6585 | H82: 4.3336 | I82: 4.5685 | J82: 4.7204 | K82: 4.846 | L82: 5.1591 | M82: 5.4655 | N82: 5.7817 | O82: 6.0354 | P82: 5.9917 | Q82: 6.1296 | R82: 6.2097 | S82: 6.5362 | T82: 6.7043 | U82: 6.8366 | V82: 6.9115 | W82: 7.0479 | X82: 7.1293 | Y82: 7.2439 | Z82: 7.3393 | AA82: 7.4514 | AB82: 7.4756 | AC82: 7.4756 | AD82: ..
A83: Methane (CH4) emissions from Agriculture (Mt CO2e) | B83: EN.GHG.CH4.AG.MT.CE.AR86 | C83: Guinea | D83: GIN | E83: 3.9077 | F83: 3.9412 | G83: 4.153 | H83: 4.3797 | I83: 4.619 | J83: 4.8712 | K83: 5.1464 | L83: 5.4199 | M83: 5.7169 | N83: 5.9837 | O83: 7.3366 | P83: 7.2593 | Q83: 7.7694 | R83: 8.3058 | S83: 8.6115 | T83: 9.166 | U83: 9.6103 | V83: 10.0944 | W83: 10.6687 | X83: 11.0781 | Y83: 11.5289 | Z83: 12.4211 | AA83: 13.2984 | AB83: 13.3825 | AC83: 13.6859 | AD83: ..
A84: Methane (CH4) emissions from Agriculture (Mt CO2e) | B84: EN.GHG.CH4.AG.MT.CE.AR87 | C84: Guinea-Bissau | D84: GNB | E84: 0.8329 | F84: 0.7941 | G84: 0.7985 | H84: 0.803 | I84: 0.8051 | J84: 0.847 | K84: 0.886 | L84: 0.9521 | M84: 1.0344 | N84: 1.1146 | O84: 1.1981 | P84: 1.1674 | Q84: 1.2376 | R84: 1.306 | S84: 1.1293 | T84: 1.2265 | U84: 1.2729 | V84: 1.2336 | W84: 1.2705 | X84: 1.3118 | Y84: 1.3128 | Z84: 1.3568 | AA84: 1.3668 | AB84: 1.3711 | AC84: 1.3772 | AD84: ..
A85: Methane (CH4) emissions from Agriculture (Mt CO2e) | B85: EN.GHG.CH4.AG.MT.CE.AR88 | C85: Guyana | D85: GUY | E85: 1.0003 | F85: 1.0609 | G85: 0.9515 | H85: 1.1036 | I85: 1.0245 | J85: 0.9402 | K85: 0.9427 | L85: 0.9609 | M85: 1.0454 | N85: 1.0952 | O85: 1.1312 | P85: 1.2109 | Q85: 1.2383 | R85: 1.4139 | S85: 1.5801 | T85: 1.6383 | U85: 1.3353 | V85: 1.4991 | W85: 1.4534 | X85: 1.5332 | Y85: 1.5723 | Z85: 1.3524 | AA85: 1.3642 | AB85: 1.4348 | AC85: 1.6178 | AD85: ..
A86: Methane (CH4) emissions from Agriculture (Mt CO2e) | B86: EN.GHG.CH4.AG.MT.CE.AR89 | C86: Haiti | D86: HTI | E86: 2.993 | F86: 2.9876 | G86: 3.0012 | H86: 3.0097 | I86: 2.9899 | J86: 2.9987 | K86: 2.9912 | L86: 3.0208 | M86: 3.0117 | N86: 3.0373 | O86: 3.0582 | P86: 3.0728 | Q86: 3.0861 | R86: 3.1013 | S86: 3.1077 | T86: 3.1264 | U86: 3.233 | V86: 3.2008 | W86: 3.4277 | X86: 3.1731 | Y86: 3.1513 | Z86: 3.1665 | AA86: 3.1704 | AB86: 3.212 | AC86: 3.2236 | AD86: ..
A87: Methane (CH4) emissions from Agriculture (Mt CO2e) | B87: EN.GHG.CH4.AG.MT.CE.AR90 | C87: Honduras | D87: HND | E87: 2.9825 | F87: 3.0753 | G87: 3.7462 | H87: 4.2695 | I87: 4.3066 | J87: 3.9289 | K87: 3.9654 | L87: 4.5277 | M87: 4.7338 | N87: 5.0815 | O87: 5.2327 | P87: 4.836 | Q87: 4.9539 | R87: 5.0061 | S87: 4.9772 | T87: 4.9929 | U87: 5.0089 | V87: 5.0282 | W87: 5.051 | X87: 5.0752 | Y87: 5.1003 | Z87: 5.1148 | AA87: 5.1403 | AB87: 5.219 | AC87: 5.2174 | AD87: ..
A88: Methane (CH4) emissions from Agriculture (Mt CO2e) | B88: EN.GHG.CH4.AG.MT.CE.AR91 | C88: Hong Kong SAR, China | D88: HKG | E88: 0.0232 | F88: 0.0241 | G88: 0.0228 | H88: 0.0208 | I88: 0.0204 | J88: 0.0201 | K88: 0.0204 | L88: 0.0167 | M88: 0.0166 | N88: 0.0182 | O88: 0.0192 | P88: 0.0195 | Q88: 0.0197 | R88: 0.0198 | S88: 0.0198 | T88: 0.0127 | U88: 0.0128 | V88: 0.0142 | W88: 0.0143 | X88: 0.0147 | Y88: 0.0156 | Z88: 0.0148 | AA88: 0.015 | AB88: 0.0153 | AC88: 0.0153 | AD88: ..
A89: Methane (CH4) emissions from Agriculture (Mt CO2e) | B89: EN.GHG.CH4.AG.MT.CE.AR92 | C89: Hungary | D89: HUN | E89: 3.8835 | F89: 3.8024 | G89: 3.7963 | H89: 3.7959 | I89: 3.8036 | J89: 3.5931 | K89: 3.54 | L89: 3.4875 | M89: 3.395 | N89: 3.3034 | O89: 3.2789 | P89: 3.2106 | Q89: 3.182 | R89: 3.3341 | S89: 3.3483 | T89: 3.4265 | U89: 3.4885 | V89: 3.5175 | W89: 3.596 | X89: 3.6067 | Y89: 3.6804 | Z89: 3.5988 | AA89: 3.5552 | AB89: 3.4621 | AC89: 3.4449 | AD89: ..
... A95: Methane (CH4) emissions from Agriculture (Mt CO2e) | B95: EN.GHG.CH4.AG.MT.CE.AR98 | C95: Ireland | D95: IRL | E95: 16.2787 | F95: 16.3717 | G95: 16.3012 | H95: 16.2507 | I95: 16.3544 | J95: 16.03 | K95: 16.0009 | L95: 15.7613 | M95: 15.6595 | N95: 15.5831 | O95: 15.118 | P95: 15.0554 | Q95: 15.7257 | R95: 15.9794 | S95: 16.1179 | T95: 16.3963 | U95: 17.0465 | V95: 17.3515 | W95: 15.5296 | X95: 15.5657 | Y95: 15.583 | Z95: 15.916 | AA95: 15.7284 | AB95: 15.5842 | AC95: 15.5829 | AD95: ..
A96: Methane (CH4) emissions from Agriculture (Mt CO2e) | B96: EN.GHG.CH4.AG.MT.CE.AR99 | C96: Isle of Man | D96: IMN | E96: .. | F96: .. | G96: .. | H96: .. | I96: .. | J96: .. | K96: .. | L96: .. | M96: .. | N96: .. | O96: .. | P96: .. | Q96: .. | R96: .. | S96: .. | T96: .. | U96: .. | V96: .. | W96: .. | X96: .. | Y96: .. | Z96: .. | AA96: .. | AB96: .. | AC96: .. | AD96: ..
A97: Methane (CH4) emissions from Agriculture (Mt CO2e) | B97: EN.GHG.CH4.AG.MT.CE.AR100 | C97: Israel | D97: ISR | E97: 1.3869 | F97: 1.4104 | G97: 1.3551 | H97: 1.3991 | I97: 1.3887 | J97: 1.3964 | K97: 1.5215 | L97: 1.4807 | M97: 1.5036 | N97: 1.4546 | O97: 1.5074 | P97: 1.5702 | Q97: 1.5648 | R97: 1.6608 | S97: 1.7425 | T97: 1.8279 | U97: 1.7814 | V97: 1.8502 | W97: 1.9581 | X97: 1.9834 | Y97: 1.9456 | Z97: 2.0593 | AA97: 2.0836 | AB97: 2.029 | AC97: 2.0301 | AD97: ..
A98: Methane (CH4) emissions from Agriculture (Mt CO2e) | B98: EN.GHG.CH4.AG.MT.CE.AR101 | C98: Italy | D98: ITA | E98: 24.7787 | F98: 21.689 | G98: 23.1084 | H98: 22.7984 | I98: 22.778 | J98: 22.2358 | K98: 21.9113 | L98: 22.0355 | M98: 22.813 | N98: 22.7041 | O98: 23.0391 | P98: 22.3271 | Q98: 22.5139 | R98: 22.1614 | S98: 21.7309 | T98: 21.7541 | U98: 22.1116 | V98: 22.1356 | W98: 22.8164 | X98: 22.7972 | Y98: 22.9137 | Z98: 22.5396 | AA98: 22.1422 | AB98: 21.9723 | AC98: 21.9227 | AD98: ..
A99: Methane (CH4) emissions from Agriculture (Mt CO2e) | B99: EN.GHG.CH4.AG.MT.CE.AR102 | C99: Jamaica | D99: JAM | E99: 0.8422 | F99: 0.8359 | G99: 0.8236 | H99: 0.8672 | I99: 0.7824 | J99: 0.7324 | K99: 0.4818 | L99: 0.4457 | M99: 0.4427 | N99: 0.4329 | O99: 0.4439 | P99: 0.4494 | Q99: 0.4598 | R99: 0.4586 | S99: 0.4606 | T99: 0.4454 | U99: 0.4468 | V99: 0.4492 | W99: 0.4491 | X99: 0.4481 | Y99: 0.4477 | Z99: 0.4453 | AA99: 0.4347 | AB99: 0.4331 | AC99: 0.43 | AD99: ..
A100: Methane (CH4) emissions from Agriculture (Mt CO2e) | B100: EN.GHG.CH4.AG.MT.CE.AR103 | C100: Japan | D100: JPN | E100: 34.8007 | F100: 34.2549 | G100: 34.4468 | H100: 34.0562 | I100: 34.7043 | J100: 34.5651 | K100: 35.9139 | L100: 37.5199 | M100: 38.9284 | N100: 40.4503 | O100: 42.006 | P100: 39.9703 | Q100: 39.7882 | R100: 40.4523 | S100: 39.8246 | T100: 38.9517 | U100: 38.6827 | V100: 38.5742 | W100: 38.6666 | X100: 38.5527 | Y100: 38.8558 | Z100: 39.1458 | AA100: 39.062 | AB100: 39.0971 | AC100: 38.9033 | AD100: ..
A101: Methane (CH4) emissions from Agriculture (Mt CO2e) | B101: EN.GHG.CH4.AG.MT.CE.AR104 | C101: Jordan | D101: JOR | E101: 0.4159 | F101: 0.4133 | G101: 0.4359 | H101: 0.4572 | I101: 0.4745 | J101: 0.4942 | K101: 0.497 | L101: 0.5789 | M101: 0.7134 | N101: 0.609 | O101: 0.6048 | P101: 0.6233 | Q101: 0.615 | R101: 0.6551 | S101: 0.7174 | T101: 0.7022 | U101: 0.8106 | V101: 0.7655 | W101: 0.7579 | X101: 0.758 | Y101: 0.7536 | Z101: 0.7761 | AA101: 0.7574 | AB101: 0.7564 | AC101: 0.7562 | AD101: ..
A102: Methane (CH4) emissions from Agriculture (Mt CO2e) | B102: EN.GHG.CH4.AG.MT.CE.AR105 | C102: Kazakhstan | D102: KAZ | E102: 12.4903 | F102: 12.8485 | G102: 13.2917 | H102: 14.1396 | I102: 14.9039 | J102: 16.0316 | K102: 16.8423 | L102: 17.6711 | M102: 18.18 | N102: 18.8281 | O102: 18.9699 | P102: 19.5876 | Q102: 18.6576 | R102: 18.7347 | S102: 19.2694 | T102: 20.4084 | U102: 21.0828 | V102: 22.0516 | W102: 23.1242 | X102: 23.9794 | Y102: 25.2396 | Z102: 26.3572 | AA102: 27.4674 | AB102: 22.0829 | AC102: 22.3279 | AD102: ..
A103: Methane (CH4) emissions from Agriculture (Mt CO2e) | B103: EN.GHG.CH4.AG.MT.CE.AR106 | C103: Kenya | D103: KEN | E103: 16.2373 | F103: 17.6645 | G103: 19.8466 | H103: 21.2108 | I103: 23.9054 | J103: 25.2636 | K103: 22.9745 | L103: 38.4376 | M103: 42.0797 | N103: 39.2538 | O103: 41.2284 | P103: 41.0958 | Q103: 40.2654 | R103: 38.7502 | S103: 38.5628 | T103: 38.9977 | U103: 42.4456 | V103: 39.2062 | W103: 41.6681 | X103: 48.2539 | Y103: 57.5322 | Z103: 50.2455 | AA103: 52.0852 | AB103: 48.6276 | AC103: 50.0244 | AD103: ..
A104: Methane (CH4) emissions from Agriculture (Mt CO2e) | B104: EN.GHG.CH4.AG.MT.CE.AR107 | C104: Kiribati | D104: KIR | E104: 0.002 | F104: 0.0021 | G104: 0.0024 | H104: 0.0024 | I104: 0.0024 | J104: 0.0025 | K104: 0.0025 | L104: 0.0026 | M104: 0.0027 | N104: 0.0027 | O104: 0.0028 | P104: 0.0028 | Q104: 0.0029 | R104: 0.0029 | S104: 0.003 | T104: 0.003 | U104: 0.003 | V104: 0.0031 | W104: 0.0031 | X104: 0.0031 | Y104: 0.0031 | Z104: 0.0032 | AA104: 0.0032 | AB104: 0.0032 | AC104: 0.0033 | AD104: ..
A105: Methane (CH4) emissions from Agriculture (Mt CO2e) | B105: EN.GHG.CH4.AG.MT.CE.AR108 | C105: Korea, Dem. People's Rep. | D105: PRK | E105: 3.7041 | F105: 3.9472 | G105: 4.0344 | H105: 4.0624 | I105: 4.0724 | J105: 4.1446 | K105: 4.1337 | L105: 3.995 | M105: 4.1408 | N105: 4.064 | O105: 4.0912 | P105: 4.1227 | Q105: 4.21 | R105: 4.1074 | S105: 3.9658 | T105: 3.6593 | U105: 3.7913 | V105: 3.7936 | W105: 3.7214 | X105: 3.8151 | Y105: 3.7274 | Z105: 3.8936 | AA105: 3.5722 | AB105: 3.3929 | AC105: 3.4272 | AD105: ..
A106: Methane (CH4) emissions from Agriculture (Mt CO2e) | B106: EN.GHG.CH4.AG.MT.CE.AR109 | C106: Republic of Korea | D106: KOR | E106: 19.5976 | F106: 19.4174 | G106: 18.9867 | H106: 18.5444 | I106: 19.1159 | J106: 19.139 | K106: 19.5025 | L106: 19.8545 | M106: 20.444 | N106: 21.1087 | O106: 21.4315 | P106: 20.8178 | Q106: 21.1253 | R106: 20.7423 | S106: 20.2633 | T106: 20.6368 | U106: 20.5901 | V106: 20.4581 | W106: 20.5407 | X106: 20.7129 | Y106: 20.9987 | Z106: 21.7034 | AA106: 21.8349 | AB106: 21.5088 | AC106: 21.0197 | AD106: ..
A107: Methane (CH4) emissions from Agriculture (Mt CO2e) | B107: EN.GHG.CH4.AG.MT.CE.AR110 | C107: Kosovo | D107: XKX | E107: .. | F107: .. | G107: .. | H107: .. | I107: .. | J107: .. | K107: .. | L107: .. | M107: .. | N107: .. | O107: .. | P107: .. | Q107: .. | R107: .. | S107: .. | T107: .. | U107: .. | V107: .. | W107: .. | X107: .. | Y107: .. | Z107: .. | AA107: .. | AB107: .. | AC107: .. | AD107: ..
A108: Methane (CH4) emissions from Agriculture (Mt CO2e) | B108: EN.GHG.CH4.AG.MT.CE.AR111 | C108: Kuwait | D108: KWT | E108: 0.1633 | F108: 0.1176 | G108: 0.1526 | H108: 0.168 | I108: 0.148 | J108: 0.148 | K108: 0.1559 | L108: 0.1642 | M108: 0.1745 | N108: 0.1931 | O108: 0.1869 | P108: 0.175 | Q108: 0.1728 | R108: 0.1821 | S108: 0.2061 | T108: 0.204 | U108: 0.2169 | V108: 0.2282 | W108: 0.2314 | X108: 0.2555 | Y108: 0.2478 | Z108: 0.251 | AA108: 0.25 | AB108: 0.2555 | AC108: 0.2602 | AD108: ..
A109: Methane (CH4) emissions from Agriculture (Mt CO2e) | B109: EN.GHG.CH4.AG.MT.CE.AR112 | C109: Kyrgyz Republic | D109: KGZ | E109: 3.3425 | F109: 3.3658 | G109: 3.4037 | H109: 3.4428 | I109: 3.4195 | J109: 3.4997 | K109: 3.6196 | L109: 3.7589 | M109: 3.9261 | N109: 4.3042 | O109: 4.4139 | P109: 4.5364 | Q109: 4.6292 | R109: 4.7777 | S109: 4.9452 | T109: 5.0328 | U109: 5.1603 | V109: 5.2882 | W109: 5.438 | X109: 5.594 | Y109: 5.7064 | Z109: 5.7876 | AA109: 5.8449 | AB109: 5.9069 | AC109: 5.923 | AD109: ..
A110: Methane (CH4) emissions from Agriculture (Mt CO2e) | B110: EN.GHG.CH4.AG.MT.CE.AR113 | C110: Lao PDR | D110: LAO | E110: 5.6605 | F110: 5.8913 | G110: 6.0177 | H110: 6.159 | I110: 6.3461 | J110: 6.2658 | K110: 6.4319 | L110: 6.5142 | M110: 6.868 | N110: 7.1252 | O110: 7.3324 | P110: 7.3522 | Q110: 7.9591 | R110: 7.9144 | S110: 8.2667 | T110: 8.4821 | U110: 8.7499 | V110: 8.8012 | W110: 8.5668 | X110: 8.75 | Y110: 9.1073 | Z110: 9.1031 | AA110: 9.1783 | AB110: 9.5865 | AC110: 9.6266 | AD110: ..
A111: Methane (CH4) emissions from Agriculture (Mt CO2e) | B111: EN.GHG.CH4.AG.MT.CE.AR114 | C111: Latvia | D111: LVA | E111: 1.0783 | F111: 1.0772 | G111: 1.1214 | H111: 1.1374 | I111: 1.1343 | J111: 1.1193 | K111: 1.1557 | L111: 1.1208 | M111: 1.1648 | N111: 1.1344 | O111: 1.1317 | P111: 1.143 | Q111: 1.154 | R111: 1.1884 | S111: 1.2377 | T111: 1.2795 | U111: 1.2687 | V111: 1.2454 | W111: 1.1922 | X111: 1.1849 | Y111: 1.1896 | Z111: 1.1743 | AA111: 1.1567 | AB111: 1.0943 | AC111: 1.0945 | AD111: ..
A112: Methane (CH4) emissions from Agriculture (Mt CO2e) | B112: EN.GHG.CH4.AG.MT.CE.AR115 | C112: Lebanon | D112: LBN | E112: 0.2844 | F112: 0.283 | G112: 0.3013 | H112: 0.3019 | I112: 0.2906 | J112: 0.3017 | K112: 0.3064 | L112: 0.2973 | M112: 0.3076 | N112: 0.2923 | O112: 0.2665 | P112: 0.3357 | Q112: 0.3546 | R112: 0.3757 | S112: 0.3736 | T112: 0.3814 | U112: 0.3815 | V112: 0.3878 | W112: 0.3889 | X112: 0.3911 | Y112: 0.3892 | Z112: 0.392 | AA112: 0.3904 | AB112: 0.4029 | AC112: 0.4058 | AD112: ..
A113: Methane (CH4) emissions from Agriculture (Mt CO2e) | B113: EN.GHG.CH4.AG.MT.CE.AR116 | C113: Lesotho | D113: LSO | E113: 1.0841 | F113: 1.0959 | G113: 0.9816 | H113: 0.9975 | I113: 0.9708 | J113: 1.072 | K113: 1.0209 | L113: 1.0243 | M113: 1.0048 | N113: 1.0076 | O113: 0.9989 | P113: 1.0064 | Q113: 1.0276 | R113: 0.9503 | S113: 0.938 | T113: 0.9157 | U113: 0.8911 | V113: 0.9983 | W113: 0.8888 | X113: 0.7686 | Y113: 0.5808 | Z113: 0.6564 | AA113: 0.6991 | AB113: 0.8065 | AC113: 0.7882 | AD113: ..
A114: Methane (CH4) emissions from Agriculture (Mt CO2e) | B114: EN.GHG.CH4.AG.MT.CE.AR117 | C114: Liberia | D114: LBR | E114: 0.2433 | F114: 0.2306 | G114: 0.221 | H114: 0.2211 | I114: 0.2214 | J114: 0.2223 | K114: 0.2383 | L114: 0.2739 | M114: 0.3095 | N114: 0.3698 | O114: 0.3815 | P114: 0.381 | Q114: 0.3666 | R114: 0.3556 | S114: 0.3668 | T114: 0.401 | U114: 0.4475 | V114: 0.3724 | W114: 0.3768 | X114: 0.3871 | Y114: 0.3864 | Z114: 0.386 | AA114: 0.4012 | AB114: 0.3831 | AC114: 0.3841 | AD114: ..
A115: Methane (CH4) emissions from Agriculture (Mt CO2e) | B115: EN.GHG.CH4.AG.MT.CE.AR118 | C115: Libya | D115: LBY | E115: 1.0555 | F115: 1.1129 | G115: 1.1466 | H115: 1.2493 | I115: 1.3642 | J115: 1.4457 | K115: 1.5978 | L115: 1.68 | M115: 1.6842 | N115: 1.7372 | O115: 1.8056 | P115: 1.8099 | Q115: 1.8117 | R115: 1.8269 | S115: 1.8178 | T115: 1.8158 | U115: 1.8184 | V115: 1.8219 | W115: 1.9091 | X115: 1.9562 | Y115: 1.8921 | Z115: 1.8598 | AA115: 1.9188 | AB115: 1.9139 | AC115: 1.9171 | AD115: ..
A116: Methane (CH4) emissions from Agriculture (Mt CO2e) | B116: EN.GHG.CH4.AG.MT.CE.AR119 | C116: Liechtenstein | D116: LIE | E116: .. | F116: .. | G116: .. | H116: .. | I116: .. | J116: .. | K116: .. | L116: .. | M116: .. | N116: .. | O116: .. | P116: .. | Q116: .. | R116: .. | S116: .. | T116: .. | U116: .. | V116: .. | W116: .. | X116: .. | Y116: .. | Z116: .. | AA116: .. | AB116: .. | AC116: .. | AD116: ..
A117: Methane (CH4) emissions from Agriculture (Mt CO2e) | B117: EN.GHG.CH4.AG.MT.CE.AR120 | C117: Lithuania | D117: LTU | E117: 2.4654 | F117: 2.2375 | G117: 2.3122 | H117: 2.4192 | I117: 2.5443 | J117: 2.4403 | K117: 2.5407 | L117: 2.6508 | M117: 2.511 | N117: 2.464 | O117: 2.4588 | P117: 2.472 | Q117: 2.4871 | R117: 2.4227 | S117: 2.3786 | T117: 2.4537 | U117: 2.3972 | V117: 2.317 | W117: 2.1705 | X117: 2.1121 | Y117: 2.077 | Z117: 2.0501 | AA117: 2.0826 | AB117: 2.0255 | AC117: 2.0228 | AD117: ..
A118: Methane (CH4) emissions from Agriculture (Mt CO2e) | B118: EN.GHG.CH4.AG.MT.CE.AR121 | C118: Luxembourg | D118: LUX | E118: 0.4828 | F118: 0.4838 | G118: 0.4699 | H118: 0.4554 | I118: 0.4501 | J118: 0.4404 | K118: 0.438 | L118: 0.4582 | M118: 0.4698 | N118: 0.4768 | O118: 0.4875 | P118: 0.4761 | Q118: 0.4683 | R118: 0.4819 | S118: 0.492 | T118: 0.5018 | U118: 0.5102 | V118: 0.5164 | W118: 0.4991 | X118: 0.4977 | Y118: 0.4949 | Z118: 0.4885 | AA118: 0.4852 | AB118: 0.4798 | AC118: 0.4798 | AD118: ..
A119: Methane (CH4) emissions from Agriculture (Mt CO2e) | B119: EN.GHG.CH4.AG.MT.CE.AR122 | C119: Macao SAR, China | D119: MAC | E119: 0.0012 | F119: 0.0015 | G119: 0.0015 | H119: 0.0017 | I119: 0.0015 | J119: 0.0017 | K119: 0.0017 | L119: 0.0019 | M119: 0.0017 | N119: 0.0017 | O119: 0.0017 | P119: 0.0017 | Q119: 0.0018 | R119: 0.0018 | S119: 0.0018 | T119: 0.0018 | U119: 0.0019 | V119: 0.0019 | W119: 0.0019 | X119: 0.0019 | Y119: 0.0019 | Z119: 0.0019 | AA119: 0.002 | AB119: 0.002 | AC119: 0.002 | AD119: ..
A120: Methane (CH4) emissions from Agriculture (Mt CO2e) | B120: EN.GHG.CH4.AG.MT.CE.AR123 | C120: Madagascar | D120: MDG | E120: 15.4067 | F120: 14.0812 | G120: 13.1733 | H120: 13.5192 | I120: 13.8516 | J120: 15.462 | K120: 15.6432 | L120: 15.836 | M120: 16.1502 | N120: 16.6102 | O120: 16.82 | P120: 16.2647 | Q120: 16.6987 | R120: 15.4393 | S120: 16.4973 | T120: 16.1549 | U120: 16.6577 | V120: 16.5021 | W120: 15.7871 | X120: 16.1408 | Y120: 16.4335 | Z120: 16.7201 | AA120: 16.9025 | AB120: 18.0758 | AC120: 17.893 | AD120: ..
A121: Methane (CH4) emissions from Agriculture (Mt CO2e) | B121: EN.GHG.CH4.AG.MT.CE.AR124 | C121: Malawi | D121: MWI | E121: 1.3944 | F121: 1.3808 | G121: 1.3947 | H121: 1.4406 | I121: 1.4323 | J121: 1.4555 | K121: 1.5555 | L121: 1.7211 | M121: 1.8723 | N121: 1.9761 | O121: 2.1274 | P121: 2.2818 | Q121: 2.4341 | R121: 2.6154 | S121: 2.7889 | T121: 2.9862 | U121: 3.1678 | V121: 3.3306 | W121: 3.7372 | X121: 4.3625 | Y121: 4.5365 | Z121: 4.7363 | AA121: 4.8591 | AB121: 5.1433 | AC121: 5.4159 | AD121: ..
A122: Methane (CH4) emissions from Agriculture (Mt CO2e) | B122: EN.GHG.CH4.AG.MT.CE.AR125 | C122: Malaysia | D122: MYS | E122: 4.2443 | F122: 4.2197 | G122: 4.2189 | H122: 4.266 | I122: 4.3536 | J122: 4.3252 | K122: 4.2041 | L122: 4.4244 | M122: 4.3915 | N122: 4.4606 | O122: 4.4534 | P122: 4.3939 | Q122: 4.3714 | R122: 4.3894 | S122: 4.2777 | T122: 4.4027 | U122: 4.3497 | V122: 4.29 | W122: 4.3007 | X122: 4.1182 | Y122: 4.0351 | Z122: 4.053 | AA122: 3.9964 | AB122: 3.8513 | AC122: 3.8864 | AD122: ..
A123: Methane (CH4) emissions from Agriculture (Mt CO2e) | B123: EN.GHG.CH4.AG.MT.CE.AR126 | C123: Maldives | D123: MDV | E123: 0 | F123: 0 | G123: 0 | H123: 0 | I123: 0 | J123: 0 | K123: 0 | L123: 0 | M123: 0 | N123: 0 | O123: 0 | P123: 0 | Q123: 0 | R123: 0 | S123: 0 | T123: 0 | U123: 0 | V123: 0 | W123: 0 | X123: 0 | Y123: 0 | Z123: 0 | AA123: 0 | AB123: 0 | AC123: 0 | AD123: ..
A124: Methane (CH4) emissions from Agriculture (Mt CO2e) | B124: EN.GHG.CH4.AG.MT.CE.AR127 | C124: Mali | D124: MLI | E124: 9.6791 | F124: 10.1619 | G124: 10.9538 | H124: 11.5577 | I124: 11.973 | J124: 12.5841 | K124: 12.5317 | L124: 13.339 | M124: 14.0825 | N124: 14.6371 | O124: 15.5086 | P124: 16.0939 | Q124: 16.7707 | R124: 17.2464 | S124: 17.8846 | T124: 18.5961 | U124: 19.9819 | V124: 21.1141 | W124: 22.1493 | X124: 22.8058 | Y124: 23.4767 | Z124: 24.0787 | AA124: 23.469 | AB124: 25.8541 | AC124: 26.6393 | AD124: ..
A125: Methane (CH4) emissions from Agriculture (Mt CO2e) | B125: EN.GHG.CH4.AG.MT.CE.AR128 | C125: Malta | D125: MLT | E125: 0.0675 | F125: 0.0729 | G125: 0.0671 | H125: 0.0697 | I125: 0.0643 | J125: 0.0679 | K125: 0.0681 | L125: 0.0664 | M125: 0.0669 | N125: 0.0595 | O125: 0.0557 | P125: 0.0522 | Q125: 0.0538 | R125: 0.0535 | S125: 0.0539 | T125: 0.0557 | U125: 0.0545 | V125: 0.0525 | W125: 0.0531 | X125: 0.0525 | Y125: 0.0524 | Z125: 0.0525 | AA125: 0.0526 | AB125: 0.053 | AC125: 0.053 | AD125: ..
A126: Methane (CH4) emissions from Agriculture (Mt CO2e) | B126: EN.GHG.CH4.AG.MT.CE.AR129 | C126: Marshall Islands | D126: MHL | E126: 0 | F126: 0 | G126: 0 | H126: 0 | I126: 0 | J126: 0 | K126: 0 | L126: 0 | M126: 0 | N126: 0 | O126: 0 | P126: 0 | Q126: 0 | R126: 0 | S126: 0 | T126: 0 | U126: 0 | V126: 0 | W126: 0 | X126: 0 | Y126: 0 | Z126: 0 | AA126: 0 | AB126: 0 | AC126: .. | AD126: ..
A127: Methane (CH4) emissions from Agriculture (Mt CO2e) | B127: EN.GHG.CH4.AG.MT.CE.AR130 | C127: Mauritania | D127: MRT | E127: 5.3922 | F127: 5.5767 | G127: 5.768 | H127: 5.8918 | I127: 5.7457 | J127: 5.8197 | K127: 5.9769 | L127: 5.701 | M127: 5.33 | N127: 5.6797 | O127: 5.8591 | P127: 6.025 | Q127: 6.2005 | R127: 6.3769 | S127: 6.6404 | T127: 6.7701 | U127: 6.7294 | V127: 6.7854 | W127: 6.845 | X127: 7.0251 | Y127: 7.0949 | Z127: 7.1529 | AA127: 7.1536 | AB127: 7.296 | AC127: 7.3317 | AD127: ..
A128: Methane (CH4) emissions from Agriculture (Mt CO2e) | B128: EN.GHG.CH4.AG.MT.CE.AR131 | C128: Mauritius | D128: MUS | E128: 0.0648 | F128: 0.0455 | G128: 0.0388 | H128: 0.0389 | I128: 0.0368 | J128: 0.0327 | K128: 0.0313 | L128: 0.0317 | M128: 0.0329 | N128: 0.0332 | O128: 0.034 | P128: 0.0326 | Q128: 0.0329 | R128: 0.0323 | S128: 0.0315 | T128: 0.0315 | U128: 0.0292 | V128: 0.0277 | W128: 0.0269 | X128: 0.0272 | Y128: 0.0272 | Z128: 0.0257 | AA128: 0.0243 | AB128: 0.0247 | AC128: 0.0243 | AD128: ..
A129: Methane (CH4) emissions from Agriculture (Mt CO2e) | B129: EN.GHG.CH4.AG.MT.CE.AR132 | C129: Mexico | D129: MEX | E129: 68.1204 | F129: 68.5425 | G129: 70.0165 | H129: 70.5189 | I129: 70.5009 | J129: 72.6021 | K129: 73.3331 | L129: 74.0522 | M129: 74.9441 | N129: 75.9323 | O129: 76.761 | P129: 77.5786 | Q129: 76.2762 | R129: 77.6765 | S129: 79.0669 | T129: 80.5517 | U129: 81.3619 | V129: 82.4087 | W129: 83.5417 | X129: 84.4681 | Y129: 85.4664 | Z129: 86.2644 | AA129: 87.0094 | AB129: 87.6935 | AC129: 87.238 | AD129: ..
A130: Methane (CH4) emissions from Agriculture (Mt CO2e) | B130: EN.GHG.CH4.AG.MT.CE.AR133 | C130: Micronesia, Fed. Sts. | D130: FSM | E130: 0.026 | F130: 0.026 | G130: 0.026 | H130: 0.0261 | I130: 0.026 | J130: 0.0261 | K130: 0.0261 | L130: 0.0264 | M130: 0.0264 | N130: 0.028 | O130: 0.028 | P130: 0.0298 | Q130: 0.0298 | R130: 0.0307 | S130: 0.0311 | T130: 0.0315 | U130: 0.0322 | V130: 0.0317 | W130: 0.0318 | X130: 0.0332 | Y130: 0.0325 | Z130: 0.033 | AA130: 0.0335 | AB130: 0.0388 | AC130: 0.0401 | AD130: ..
A131: Methane (CH4) emissions from Agriculture (Mt CO2e) | B131: EN.GHG.CH4.AG.MT.CE.AR134 | C131: Moldova | D131: MDA | E131: 1.4934 | F131: 1.3986 | G131: 1.443 | H131: 1.4592 | I131: 1.3999 | J131: 1.2922 | K131: 1.3158 | L131: 1.2836 | M131: 1.028 | N131: 1.0179 | O131: 1.1148 | P131: 1.208 | Q131: 1.0728 | R131: 1.1018 | S131: 1.1124 | T131: 1.118 | U131: 1.1017 | V131: 1.1299 | W131: 1.0987 | X131: 1.033 | Y131: 1.0026 | Z131: 0.9491 | AA131: 0.9251 | AB131: 0.9269 | AC131: 0.9268 | AD131: ..
A132: Methane (CH4) emissions from Agriculture (Mt CO2e) | B132: EN.GHG.CH4.AG.MT.CE.AR135 | C132: Monaco | D132: MCO | E132: .. | F132: .. | G132: .. | H132: .. | I132: .. | J132: .. | K132: .. | L132: .. | M132: .. | N132: .. | O132: .. | P132: .. | Q132: .. | R132: .. | S132: .. | T132: .. | U132: .. | V132: .. | W132: .. | X132: .. | Y132: .. | Z132: .. | AA132: .. | AB132: .. | AC132: .. | AD132: ..
A133: Methane (CH4) emissions from Agriculture (Mt CO2e) | B133: EN.GHG.CH4.AG.MT.CE.AR136 | C133: Mongolia | D133: MNG | E133: 11.3399 | F133: 9.6655 | G133: 7.5336 | H133: 7.2463 | I133: 6.9852 | J133: 7.907 | K133: 8.8151 | L133: 10.0077 | M133: 10.4723 | N133: 10.7655 | O133: 8.4744 | P133: 9.2993 | Q133: 10.3795 | R133: 11.5475 | S133: 13.3357 | T133: 14.5133 | U133: 15.8487 | V133: 17.0491 | W133: 17.1126 | X133: 18.3434 | Y133: 17.7251 | Z133: 18.1675 | AA133: 19.5655 | AB133: 18.42 | AC133: 18.6812 | AD133: ..
A134: Methane (CH4) emissions from Agriculture (Mt CO2e) | B134: EN.GHG.CH4.AG.MT.CE.AR137 | C134: Montenegro | D134: MNE | E134: .. | F134: .. | G134: .. | H134: .. | I134: .. | J134: .. | K134: .. | L134: .. | M134: .. | N134: .. | O134: .. | P134: .. | Q134: .. | R134: .. | S134: .. | T134: .. | U134: .. | V134: .. | W134: .. | X134: .. | Y134: .. | Z134: .. | AA134: .. | AB134: .. | AC134: .. | AD134: ..
A135: Methane (CH4) emissions from Agriculture (Mt CO2e) | B135: EN.GHG.CH4.AG.MT.CE.AR138 | C135: Morocco | D135: MAR | E135: 7.2162 | F135: 7.1884 | G135: 7.1017 | H135: 7.2203 | I135: 7.3762 | J135: 7.3431 | K135: 7.4825 | L135: 7.4394 | M135: 7.5353 | N135: 7.5772 | O135: 7.8316 | P135: 8.2772 | Q135: 8.2981 | R135: 8.5292 | S135: 8.7235 | T135: 8.7551 | U135: 8.8615 | V135: 8.909 | W135: 9.1004 | X135: 9.2313 | Y135: 9.0932 | Z135: 9.23 | AA135: 8.9536 | AB135: 8.45 | AC135: 8.32 | AD135: ..
A136: Methane (CH4) emissions from Agriculture (Mt CO2e) | B136: EN.GHG.CH4.AG.MT.CE.AR139 | C136: Mozambique | D136: MOZ | E136: 2.0738 | F136: 1.9506 | G136: 2.3768 | H136: 2.3989 | I136: 2.5663 | J136: 2.7283 | K136: 2.469 | L136: 2.7889 | M136: 2.832 | N136: 2.6371 | O136: 2.4889 | P136: 2.6576 | Q136: 3.0788 | R136: 3.2018 | S136: 3.4142 | T136: 2.7943 | U136: 3.2387 | V136: 3.1754 | W136: 3.7283 | X136: 3.503 | Y136: 3.4329 | Z136: 3.4242 | AA136: 3.7455 | AB136: 3.9179 | AC136: 3.9276 | AD136: ..
A137: Methane (CH4) emissions from Agriculture (Mt CO2e) | B137: EN.GHG.CH4.AG.MT.CE.AR140 | C137: Myanmar | D137: MMR | E137: 59.1014 | F137: 61.0879 | G137: 62.1544 | H137: 64.6535 | I137: 67.9316 | J137: 73.1944 | K137: 78.3329 | L137: 79.1587 | M137: 80.7239 | N137: 81.1618 | O137: 81.8215 | P137: 78.9538 | Q137: 76.8153 | R137: 77.9153 | S137: 78.9817 | T137: 80.1879 | U137: 81.2739 | V137: 84.0609 | W137: 66.5883 | X137: 65.3282 | Y137: 65.2727 | Z137: 67.2703 | AA137: 67.6137 | AB137: 64.3751 | AC137: 63.9133 | AD137: ..
...

Sheet N2O_Em
A1: Series Name | B1: Series Code | C1: Country Name | D1: Country Code | E1: 2000 | F1: 2001 | G1: 2002 | H1: 2003 | I1: 2004 | J1: 2005 | K1: 2006 | L1: 2007 | M1: 2008 | N1: 2009 | O1: 2010 | P1: 2011 | Q1: 2012 | R1: 2013 | S1: 2014 | T1: 2015 | U1: 2016 | V1: 2017 | W1: 2018 | X1: 2019 | Y1: 2020 | Z1: 2021 | AA1: 2022 | AB1: 2023 | AC1: 2024 | AD1: 2025
A2: Nitrous oxide (N2O) emissions from Agriculture (Mt CO2e) | B2: EN.GHG.N2O.AG.MT.CE.AR5 | C2: Afghanistan | D2: AFG | E2: 2.2309 | F2: 1.9857 | G2: 2.3362 | H2: 2.4233 | I2: 2.4067 | J2: 2.5109 | K2: 2.4665 | L2: 2.472 | M2: 2.7046 | N2: 2.8576 | O2: 3.1896 | P2: 3.2347 | Q2: 3.2505 | R2: 3.1859 | S2: 3.3362 | T2: 3.3587 | U2: 3.4896 | V2: 3.9812 | W2: 3.4317 | X2: 3.4545 | Y2: 3.1831 | Z2: 3.0402 | AA2: 3.1185 | AB2: 3.1228 | AC2: 3.137 | AD2: ..
A3: Nitrous oxide (N2O) emissions from Agriculture (Mt CO2e) | B3: EN.GHG.N2O.AG.MT.CE.AR5 | C3: Albania | D3: ALB | E3: 0.7638 | F3: 0.7615 | G3: 0.8149 | H3: 0.7726 | I3: 0.8412 | J3: 0.7159 | K3: 0.7674 | L3: 0.7361 | M3: 0.6821 | N3: 0.6768 | O3: 0.6688 | P3: 0.6852 | Q3: 0.754 | R3: 0.7034 | S3: 0.7701 | T3: 0.7896 | U3: 0.7768 | V3: 0.7586 | W3: 0.7371 | X3: 0.7606 | Y3: 0.6855 | Z3: 0.6575 | AA3: 0.6178 | AB3: 0.5841 | AC3: 0.5545 | AD3: ..
A4: Nitrous oxide (N2O) emissions from Agriculture (Mt CO2e) | B4: EN.GHG.N2O.AG.MT.CE.AR5 | C4: Algeria | D4: DZA | E4: 2.2688 | F4: 2.3033 | G4: 2.26 | H4: 2.3376 | I4: 2.3803 | J4: 2.3881 | K4: 2.4713 | L4: 2.457 | M4: 2.3355 | N4: 2.5978 | O4: 2.8305 | P4: 2.9005 | Q4: 3.0934 | R4: 3.2038 | S4: 3.5552 | T4: 3.658 | U4: 3.5539 | V4: 3.4443 | W4: 3.6594 | X4: 3.6644 | Y4: 3.5199 | Z4: 3.3379 | AA4: 3.5083 | AB4: 3.5923 | AC4: 3.656 | AD4: ..
A5: Nitrous oxide (N2O) emissions from Agriculture (Mt CO2e) | B5: EN.GHG.N2O.AG.MT.CE.AR5 | C5: American Samoa | D5: ASM | E5: 0.0009 | F5: 0.001 | G5: 0.001 | H5: 0.001 | I5: 0.001 | J5: 0.0009 | K5: 0.001 | L5: 0.001 | M5: 0.001 | N5: 0.001 | O5: 0.001 | P5: 0.001 | Q5: 0.001 | R5: 0.001 | S5: 0.001 | T5: 0.001 | U5: 0.001 | V5: 0.001 | W5: 0.001 | X5: 0.001 | Y5: 0.001 | Z5: 0.001 | AA5: 0.001 | AB5: 0.001 | AC5: 0.001 | AD5: ..
A6: Nitrous oxide (N2O) emissions from Agriculture (Mt CO2e) | B6: EN.GHG.N2O.AG.MT.CE.AR5 | C6: Andorra | D6: AND | E6: .. | F6: .. | G6: .. | H6: .. | I6: .. | J6: .. | K6: .. | L6: .. | M6: .. | N6: .. | O6: .. | P6: .. | Q6: .. | R6: .. | S6: .. | T6: .. | U6: .. | V6: .. | W6: .. | X6: .. | Y6: .. | Z6: .. | AA6: .. | AB6: .. | AC6: .. | AD6: ..
A7: Nitrous oxide (N2O) emissions from Agriculture (Mt CO2e) | B7: EN.GHG.N2O.AG.MT.CE.AR5 | C7: Angola | D7: AGO | E7: 2.092 | F7: 2.1067 | G7: 2.1052 | H7: 2.0962 | I7: 2.0785 | J7: 2.2468 | K7: 2.3094 | L7: 2.3913 | M7: 2.4511 | N7: 2.5558 | O7: 2.6525 | P7: 2.7499 | Q7: 2.7954 | R7: 2.9462 | S7: 3.0298 | T7: 3.1374 | U7: 3.1588 | V7: 3.1153 | W7: 3.0985 | X7: 3.2263 | Y7: 3.26 | Z7: 3.322 | AA7: 3.3944 | AB7: 3.3789 | AC7: 3.4219 | AD7: ..
A8: Nitrous oxide (N2O) emissions from Agriculture (Mt CO2e) | B8: EN.GHG.N2O.AG.MT.CE.AR5 | C8: Antigua and Barbuda | D8: ATG | E8: 0.0093 | F8: 0.0096 | G8: 0.0098 | H8: 0.01 | I8: 0.0102 | J8: 0.0102 | K8: 0.0102 | L8: 0.0102 | M8: 0.01 | N8: 0.0099 | O8: 0.0062 | P8: 0.0063 | Q8: 0.0063 | R8: 0.0062 | S8: 0.0063 | T8: 0.0063 | U8: 0.0062 | V8: 0.0063 | W8: 0.006 | X8: 0.0054 | Y8: 0.0052 | Z8: 0.0051 | AA8: 0.005 | AB8: 0.0055 | AC8: 0.0054 | AD8: ..
A9: Nitrous oxide (N2O) emissions from Agriculture (Mt CO2e) | B9: EN.GHG.N2O.AG.MT.CE.AR5 | C9: Argentina | D9: ARG | E9: 25.2087 | F9: 25.8506 | G9: 26.7312 | H9: 28.6076 | I9: 29.6531 | J9: 29.3375 | K9: 30.508 | L9: 31.879 | M9: 30.0032 | N9: 27.6475 | O9: 27.8695 | P9: 28.3535 | Q9: 28.0299 | R9: 29.1033 | S9: 29.681 | T9: 28.8419 | U9: 31.2964 | V9: 32.3089 | W9: 32.5577 | X9: 34.0972 | Y9: 34.6817 | Z9: 34.7446 | AA9: 33.9317 | AB9: 32.7347 | AC9: 33.3887 | AD9: ..
A10: Nitrous oxide (N2O) emissions from Agriculture (Mt CO2e) | B10: EN.GHG.N2O.AG.MT.CE.AR5 | C10: Armenia | D10: ARM | E10: 0.2204 | F10: 0.2224 | G10: 0.2329 | H10: 0.2204 | I10: 0.3078 | J10: 0.2968 | K10: 0.2263 | L10: 0.3253 | M10: 0.2793 | N10: 0.2706 | O10: 0.2535 | P10: 0.2583 | Q10: 0.266 | R10: 0.3116 | S10: 0.3249 | T10: 0.3276 | U10: 0.3443 | V10: 0.3404 | W10: 0.3244 | X10: 0.3439 | Y10: 0.3291 | Z10: 0.3125 | AA10: 0.2993 | AB10: 0.2846 | AC10: 0.2828 | AD10: ..
A11: Nitrous oxide (N2O) emissions from Agriculture (Mt CO2e) | B11: EN.GHG.N2O.AG.MT.CE.AR5 | C11: Aruba | D11: ABW | E11: 0.001 | F11: 0.001 | G11: 0.001 | H11: 0.001 | I11: 0.001 | J11: 0.001 | K11: 0.001 | L11: 0.001 | M11: 0.001 | N11: 0.001 | O11: 0.001 | P11: 0.001 | Q11: 0.001 | R11: 0.001 | S11: 0.001 | T11: 0.001 | U11: 0.001 | V11: 0.001 | W11: 0.001 | X11: 0.001 | Y11: 0.001 | Z11: 0.001 | AA11: 0.001 | AB11: 0.001 | AC11: 0.001 | AD11: ..
A12: Nitrous oxide (N2O) emissions from Agriculture (Mt CO2e) | B12: EN.GHG.N2O.AG.MT.CE.AR5 | C12: Australia | D12: AUS | E12: 34.8807 | F12: 34.762 | G12: 34.4585 | H12: 31.846 | I12: 34.7715 | J12: 34.2219 | K12: 33.2678 | L12: 31.3726 | M12: 30.3615 | N12: 30.8146 | O12: 30.5887 | P12: 32.9616 | Q12: 33.3676 | R12: 34.6795 | S12: 34.9322 | T12: 33.4189 | U12: 32.6106 | V12: 35.8377 | W12: 32.2639 | X12: 30.9473 | Y12: 31.1948 | Z12: 35.425 | AA12: 34.652 | AB12: 37.945 | AC12: 38.6181 | AD12: ..
A13: Nitrous oxide (N2O) emissions from Agriculture (Mt CO2e) | B13: EN.GHG.N2O.AG.MT.CE.AR5 | C13: Austria | D13: AUT | E13: 2.1862 | F13: 2.1918 | G13: 2.101 | H13: 2.0254 | I13: 2.0508 | J13: 2.0502 | K13: 2.0363 | L13: 2.0354 | M13: 1.9961 | N13: 1.9773 | O13: 2.072 | P13: 2.0906 | Q13: 2.0291 | R13: 2.0629 | S13: 2.1524 | T13: 2.1152 | U13: 2.137 | V13: 2.0402 | W13: 2.0012 | X13: 2.0447 | Y13: 2.0369 | Z13: 1.9644 | AA13: 1.9716 | AB13: 1.9626 | AC13: 1.9604 | AD13: ..
A14: Nitrous oxide (N2O) emissions from Agriculture (Mt CO2e) | B14: EN.GHG.N2O.AG.MT.CE.AR5 | C14: Azerbaijan | D14: AZE | E14: 0.9841 | F14: 1.1033 | G14: 1.1939 | H14: 1.286 | I14: 1.2749 | J14: 1.2913 | K14: 1.3558 | L14: 1.3581 | M14: 1.4832 | N14: 1.4818 | O14: 1.4312 | P14: 1.4876 | Q14: 1.5044 | R14: 1.5288 | S14: 1.5985 | T14: 1.6129 | U14: 1.5968 | V14: 1.6468 | W14: 1.6868 | X14: 1.91 | Y14: 1.9106 | Z14: 1.6485 | AA14: 1.9022 | AB14: 1.9023 | AC14: 1.9775 | AD14: ..
A15: Nitrous oxide (N2O) emissions from Agriculture (Mt CO2e) | B15: EN.GHG.N2O.AG.MT.CE.AR5 | C15: Bahamas, The | D15: BHS | E15: 0.0074 | F15: 0.0077 | G15: 0.0078 | H15: 0.0089 | I15: 0.0092 | J15: 0.0092 | K15: 0.0092 | L15: 0.0092 | M15: 0.0092 | N15: 0.0092 | O15: 0.0092 | P15: 0.0092 | Q15: 0.0092 | R15: 0.0092 | S15: 0.0093 | T15: 0.0095 | U15: 0.0094 | V15: 0.0096 | W15: 0.0097 | X15: 0.0098 | Y15: 0.0097 | Z15: 0.0097 | AA15: 0.0097 | AB15: 0.0098 | AC15: 0.0098 | AD15: ..
A16: Nitrous oxide (N2O) emissions from Agriculture (Mt CO2e) | B16: EN.GHG.N2O.AG.MT.CE.AR5 | C16: Bahrain | D16: BHR | E16: 0.0096 | F16: 0.0092 | G16: 0.0121 | H16: 0.0107 | I16: 0.0101 | J16: 0.01 | K16: 0.01 | L16: 0.0099 | M16: 0.0086 | N16: 0.0088 | O16: 0.0101 | P16: 0.0102 | Q16: 0.0103 | R16: 0.0106 | S16: 0.0107 | T16: 0.0106 | U16: 0.0108 | V16: 0.0109 | W16: 0.0117 | X16: 0.0122 | Y16: 0.0111 | Z16: 0.0116 | AA16: 0.012 | AB16: 0.0119 | AC16: 0.0119 | AD16: ..
A17: Nitrous oxide (N2O) emissions from Agriculture (Mt CO2e) | B17: EN.GHG.N2O.AG.MT.CE.AR5 | C17: Bangladesh | D17: BGD | E17: 13.9189 | F17: 14.296 | G17: 14.4546 | H17: 14.8284 | I17: 15.3412 | J17: 15.5009 | K17: 15.7599 | L17: 16.6118 | M17: 16.2628 | N17: 16.2811 | O17: 17.0053 | P17: 16.5338 | Q17: 16.6269 | R17: 16.865 | S17: 17.9978 | T17: 17.6916 | U17: 17.4338 | V17: 17.8401 | W17: 18.2856 | X17: 18.418 | Y17: 18.8713 | Z17: 19.776 | AA17: 19.3142 | AB17: 17.8619 | AC17: 17.8511 | AD17: ..
A18: Nitrous oxide (N2O) emissions from Agriculture (Mt CO2e) | B18: EN.GHG.N2O.AG.MT.CE.AR5 | C18: Barbados | D18: BRB | E18: 0.0218 | F18: 0.0194 | G18: 0.0184 | H18: 0.0182 | I18: 0.0193 | J18: 0.0191 | K18: 0.0182 | L18: 0.0181 | M18: 0.0182 | N18: 0.0189 | O18: 0.0188 | P18: 0.0189 | Q18: 0.0191 | R18: 0.019 | S18: 0.0189 | T18: 0.0193 | U18: 0.0206 | V18: 0.0211 | W18: 0.0217 | X18: 0.021 | Y18: 0.0213 | Z18: 0.0214 | AA18: 0.0217 | AB18: 0.0214 | AC18: 0.0215 | AD18: ..
... A40: Nitrous oxide (N2O) emissions from Agriculture (Mt CO2e) | B40: EN.GHG.N2O.AG.MT.CE.AR5 | C40: Chad | D40: TCD | E40: 5.6275 | F40: 5.9639 | G40: 6.2895 | H40: 6.6366 | I40: 6.9951 | J40: 7.4013 | K40: 7.8203 | L40: 8.2892 | M40: 8.7616 | N40: 9.2528 | O40: 9.8318 | P40: 10.3301 | Q40: 10.938 | R40: 11.5532 | S40: 12.2114 | T40: 13.2399 | U40: 13.9793 | V40: 14.8151 | W40: 15.6769 | X40: 16.5825 | Y40: 17.5426 | Z40: 18.3382 | AA40: 19.5853 | AB40: 20.7739 | AC40: 21.7975 | AD40: ..
A41: Nitrous oxide (N2O) emissions from Agriculture (Mt CO2e) | B41: EN.GHG.N2O.AG.MT.CE.AR5 | C41: Channel Islands | D41: CHI | E41: .. | F41: .. | G41: .. | H41: .. | I41: .. | J41: .. | K41: .. | L41: .. | M41: .. | N41: .. | O41: .. | P41: .. | Q41: .. | R41: .. | S41: .. | T41: .. | U41: .. | V41: .. | W41: .. | X41: .. | Y41: .. | Z41: .. | AA41: .. | AB41: .. | AC41: .. | AD41: ..
A42: Nitrous oxide (N2O) emissions from Agriculture (Mt CO2e) | B42: EN.GHG.N2O.AG.MT.CE.AR5 | C42: Chile | D42: CHL | E42: 4.0228 | F42: 4.1304 | G42: 4.1591 | H42: 4.3006 | I42: 4.4433 | J42: 4.3741 | K42: 4.3437 | L42: 4.3588 | M42: 4.3229 | N42: 4.3269 | O42: 4.0039 | P42: 4.0413 | Q42: 4.1127 | R42: 3.687 | S42: 3.5528 | T42: 3.5014 | U42: 3.5234 | V42: 3.4738 | W42: 3.6318 | X42: 3.7195 | Y42: 3.8283 | Z42: 3.8541 | AA42: 3.4801 | AB42: 3.4488 | AC42: 3.458 | AD42: ..
A43: Nitrous oxide (N2O) emissions from Agriculture (Mt CO2e) | B43: EN.GHG.N2O.AG.MT.CE.AR5 | C43: China | D43: CHN | E43: 239.3864 | F43: 237.4361 | G43: 253.6302 | H43: 247.0948 | I43: 258.829 | J43: 259.8992 | K43: 274.0893 | L43: 264.0113 | M43: 258.1474 | N43: 274.9294 | O43: 258.2342 | P43: 270.2325 | Q43: 273.5378 | R43: 276.5942 | S43: 254.9806 | T43: 263.4067 | U43: 248.0673 | V43: 228.2732 | W43: 230.0159 | X43: 234.1073 | Y43: 232.1226 | Z43: 229.7906 | AA43: 241.106 | AB43: 247.9983 | AC43: 249.4922 | AD43: ..
A44: Nitrous oxide (N2O) emissions from Agriculture (Mt CO2e) | B44: EN.GHG.N2O.AG.MT.CE.AR5 | C44: Colombia | D44: COL | E44: 12.3514 | F44: 12.4912 | G44: 12.7075 | H44: 12.8914 | I44: 13.0138 | J44: 13.326 | K44: 13.4837 | L44: 13.8706 | M44: 13.6167 | N44: 13.8596 | O44: 14.2861 | P44: 13.6123 | Q44: 12.7844 | R44: 12.5297 | S44: 12.5747 | T44: 12.9516 | U44: 12.7808 | V44: 13.3536 | W44: 13.9076 | X44: 14.4513 | Y44: 14.908 | Z44: 16.2577 | AA44: 15.5498 | AB44: 15.3575 | AC44: 15.2832 | AD44: ..
A45: Nitrous oxide (N2O) emissions from Agriculture (Mt CO2e) | B45: EN.GHG.N2O.AG.MT.CE.AR5 | C45: Comoros | D45: COM | E45: 0.0283 | F45: 0.0291 | G45: 0.03 | H45: 0.0266 | I45: 0.027 | J45: 0.0274 | K45: 0.0289 | L45: 0.0293 | M45: 0.0293 | N45: 0.0293 | O45: 0.0295 | P45: 0.0298 | Q45: 0.0297 | R45: 0.0297 | S45: 0.0295 | T45: 0.0296 | U45: 0.0297 | V45: 0.0297 | W45: 0.0298 | X45: 0.0298 | Y45: 0.0297 | Z45: 0.0297 | AA45: 0.0298 | AB45: 0.0298 | AC45: 0.0298 | AD45: ..
A46: Nitrous oxide (N2O) emissions from Agriculture (Mt CO2e) | B46: EN.GHG.N2O.AG.MT.CE.AR5 | C46: Congo, Dem. Rep. | D46: COD | E46: 1.1961 | F46: 1.1634 | G46: 1.1331 | H46: 1.1375 | I46: 1.1416 | J46: 1.1448 | K46: 1.1506 | L46: 1.1522 | M46: 1.1564 | N46: 1.1597 | O46: 1.4301 | P46: 1.4575 | Q46: 1.5163 | R46: 1.5687 | S46: 1.6072 | T46: 1.6404 | U46: 1.6661 | V46: 1.7126 | W46: 1.755 | X46: 1.7933 | Y46: 1.8752 | Z46: 1.9406 | AA46: 2.025 | AB46: 2.1498 | AC46: 2.2501 | AD46: ..
A47: Nitrous oxide (N2O) emissions from Agriculture (Mt CO2e) | B47: EN.GHG.N2O.AG.MT.CE.AR5 | C47: Congo, Rep. | D47: COG | E47: 0.1908 | F47: 0.1873 | G47: 0.1906 | H47: 0.1933 | I47: 0.214 | J47: 0.2362 | K47: 0.2569 | L47: 0.2765 | M47: 0.2898 | N47: 0.2875 | O47: 0.2968 | P47: 0.3036 | Q47: 0.3136 | R47: 0.3167 | S47: 0.3226 | T47: 0.323 | U47: 0.3241 | V47: 0.3249 | W47: 0.3263 | X47: 0.3275 | Y47: 0.3259 | Z47: 0.329 | AA47: 0.3306 | AB47: 0.3278 | AC47: 0.3281 | AD47: ..
A48: Nitrous oxide (N2O) emissions from Agriculture (Mt CO2e) | B48: EN.GHG.N2O.AG.MT.CE.AR5 | C48: Costa Rica | D48: CRI | E48: 1.0568 | F48: 0.9174 | G48: 0.8776 | H48: 0.858 | I48: 0.9707 | J48: 0.9681 | K48: 0.981 | L48: 1.0242 | M48: 1.0405 | N48: 1.0762 | O48: 1.0958 | P48: 1.2529 | Q48: 1.095 | R48: 1.0226 | S48: 1.2109 | T48: 1.2108 | U48: 1.2128 | V48: 1.2596 | W48: 1.4534 | X48: 1.4179 | Y48: 1.2736 | Z48: 1.2905 | AA48: 1.268 | AB48: 1.471 | AC48: 1.4713 | AD48: ..
A49: Nitrous oxide (N2O) emissions from Agriculture (Mt CO2e) | B49: EN.GHG.N2O.AG.MT.CE.AR5 | C49: Cote d'Ivoire | D49: CIV | E49: 1.1481 | F49: 1.1042 | G49: 1.2494 | H49: 1.1649 | I49: 1.1689 | J49: 1.184 | K49: 1.2008 | L49: 1.2148 | M49: 1.2379 | N49: 1.2688 | O49: 1.2304 | P49: 1.2189 | Q49: 1.2961 | R49: 1.343 | S49: 1.4265 | T49: 1.4102 | U49: 1.4902 | V49: 1.4874 | W49: 1.5505 | X49: 1.7702 | Y49: 1.7041 | Z49: 1.869 | AA49: 1.755 | AB49: 1.882 | AC49: 1.9436 | AD49: ..
A50: Nitrous oxide (N2O) emissions from Agriculture (Mt CO2e) | B50: EN.GHG.N2O.AG.MT.CE.AR5 | C50: Croatia | D50: HRV | E50: 1.2028 | F50: 1.1426 | G50: 1.2075 | H50: 1.1726 | I50: 1.2691 | J50: 1.2945 | K50: 1.3652 | L50: 1.3414 | M50: 1.3525 | N50: 1.1357 | O50: 1.1164 | P50: 1.1819 | Q50: 1.2947 | R50: 1.2773 | S50: 1.157 | T50: 1.1568 | U50: 1.3172 | V50: 1.2592 | W50: 1.2689 | X50: 1.2769 | Y50: 1.3561 | Z50: 1.2049 | AA50: 0.9567 | AB50: 0.8859 | AC50: 0.8414 | AD50: ..
A51: Nitrous oxide (N2O) emissions from Agriculture (Mt CO2e) | B51: EN.GHG.N2O.AG.MT.CE.AR5 | C51: Cuba | D51: CUB | E51: 2.4218 | F51: 2.2338 | G51: 2.1689 | H51: 2.0554 | I51: 2.0269 | J51: 2.0429 | K51: 2.2037 | L51: 2.1676 | M51: 2.2031 | N51: 2.2289 | O51: 2.2135 | P51: 2.2636 | Q51: 2.2347 | R51: 2.3344 | S51: 2.4442 | T51: 2.3515 | U51: 2.3307 | V51: 2.3565 | W51: 2.2097 | X51: 2.1908 | Y51: 1.8571 | Z51: 1.8321 | AA51: 1.7875 | AB51: 1.7601 | AC51: 1.7123 | AD51: ..
A52: Nitrous oxide (N2O) emissions from Agriculture (Mt CO2e) | B52: EN.GHG.N2O.AG.MT.CE.AR5 | C52: Curacao | D52: CUW | E52: .. | F52: .. | G52: .. | H52: .. | I52: .. | J52: .. | K52: .. | L52: .. | M52: .. | N52: .. | O52: .. | P52: .. | Q52: .. | R52: .. | S52: .. | T52: .. | U52: .. | V52: .. | W52: .. | X52: .. | Y52: .. | Z52: .. | AA52: .. | AB52: .. | AC52: .. | AD52: ..
A53: Nitrous oxide (N2O) emissions from Agriculture (Mt CO2e) | B53: EN.GHG.N2O.AG.MT.CE.AR5 | C53: Cyprus | D53: CYP | E53: 0.146 | F53: 0.1597 | G53: 0.1677 | H53: 0.1696 | I53: 0.1665 | J53: 0.1511 | K53: 0.1617 | L53: 0.1528 | M53: 0.1472 | N53: 0.1396 | O53: 0.1338 | P53: 0.1319 | Q53: 0.1274 | R53: 0.1236 | S53: 0.1271 | T53: 0.1332 | U53: 0.1375 | V53: 0.1397 | W53: 0.1457 | X53: 0.1456 | Y53: 0.1562 | Z53: 0.1505 | AA53: 0.1365 | AB53: 0.1341 | AC53: 0.1332 | AD53: ..
A54: Nitrous oxide (N2O) emissions from Agriculture (Mt CO2e) | B54: EN.GHG.N2O.AG.MT.CE.AR5 | C54: Czechia | D54: CZE | E54: 2.8465 | F54: 3.1252 | G54: 2.9335 | H54: 2.9112 | I54: 2.9482 | J54: 2.8429 | K54: 2.7976 | L54: 2.9127 | M54: 2.8301 | N54: 2.533 | O54: 2.7376 | P54: 2.9634 | Q54: 2.7069 | R54: 3.0689 | S54: 3.3221 | T54: 3.5598 | U54: 3.1257 | V54: 3.204 | W54: 2.9392 | X54: 2.9392 | Y54: 2.764 | Z54: 2.8418 | AA54: 2.9236 | AB54: 2.8997 | AC54: 2.8661 | AD54: ..
A55: Nitrous oxide (N2O) emissions from Agriculture (Mt CO2e) | B55: EN.GHG.N2O.AG.MT.CE.AR5 | C55: Denmark | D55: DNK | E55: 4.2014 | F55: 4.1541 | G55: 4.0444 | H55: 4.043 | I55: 4.0056 | J55: 3.9648 | K55: 3.8858 | L55: 4.02 | M55: 3.8313 | N55: 3.8746 | O55: 3.9125 | P55: 3.8389 | Q55: 3.8866 | R55: 3.8137 | S55: 3.919 | T55: 3.9811 | U55: 4.001 | V55: 3.9963 | W55: 3.9114 | X55: 4.023 | Y55: 4.1598 | Z55: 3.8679 | AA55: 3.771 | AB55: 3.6219 | AC55: 3.6157 | AD55: ..
A56: Nitrous oxide (N2O) emissions from Agriculture (Mt CO2e) | B56: EN.GHG.N2O.AG.MT.CE.AR5 | C56: Djibouti | D56: DJI | E56: 0.1677 | F56: 0.1681 | G56: 0.1679 | H56: 0.1675 | I56: 0.1684 | J56: 0.1687 | K56: 0.1667 | L56: 0.1671 | M56: 0.1671 | N56: 0.1673 | O56: 0.1673 | P56: 0.1672 | Q56: 0.1684 | R56: 0.1684 | S56: 0.1691 | T56: 0.1696 | U56: 0.1703 | V56: 0.1712 | W56: 0.1718 | X56: 0.1697 | Y56: 0.1697 | Z56: 0.1696 | AA56: 0.1696 | AB56: 0.1731 | AC56: 0.1734 | AD56: ..
A57: Nitrous oxide (N2O) emissions from Agriculture (Mt CO2e) | B57: EN.GHG.N2O.AG.MT.CE.AR5 | C57: Dominica | D57: DMA | E57: 0.0079 | F57: 0.0079 | G57: 0.0079 | H57: 0.0079 | I57: 0.0079 | J57: 0.0079 | K57: 0.0079 | L57: 0.008 | M57: 0.008 | N57: 0.0081 | O57: 0.0081 | P57: 0.0082 | Q57: 0.0084 | R57: 0.0084 | S57: 0.0083 | T57: 0.0083 | U57: 0.0083 | V57: 0.0083 | W57: 0.0083 | X57: 0.0083 | Y57: 0.0083 | Z57: 0.0084 | AA57: 0.0084 | AB57: 0.0084 | AC57: 0.0084 | AD57: ..
A58: Nitrous oxide (N2O) emissions from Agriculture (Mt CO2e) | B58: EN.GHG.N2O.AG.MT.CE.AR5 | C58: Dominican Republic | D58: DOM | E58: 1.3129 | F58: 1.4132 | G58: 1.6048 | H58: 1.5218 | I58: 1.6692 | J58: 1.6292 | K58: 1.7829 | L58: 1.8335 | M58: 1.8566 | N58: 1.9916 | O58: 1.9976 | P58: 1.9837 | Q58: 1.9838 | R58: 1.9275 | S58: 1.9962 | T58: 1.9867 | U58: 2.0548 | V58: 2.0709 | W58: 2.1688 | X58: 2.1496 | Y58: 2.2316 | Z58: 2.2748 | AA58: 2.3937 | AB58: 2.4371 | AC58: 2.4925 | AD58: ..
A59: Nitrous oxide (N2O) emissions from Agriculture (Mt CO2e) | B59: EN.GHG.N2O.AG.MT.CE.AR5 | C59: Ecuador | D59: ECU | E59: 2.6805 | F59: 3.0472 | G59: 3.2444 | H59: 3.2625 | I59: 3.4107 | J59: 2.9227 | K59: 3.3247 | L59: 3.1375 | M59: 3.2441 | N59: 3.4339 | O59: 3.5399 | P59: 3.5799 | Q59: 3.4704 | R59: 3.6265 | S59: 3.636 | T59: 3.4313 | U59: 3.5825 | V59: 3.3138 | W59: 3.591 | X59: 3.4548 | Y59: 3.5288 | Z59: 3.6148 | AA59: 2.9927 | AB59: 2.901 | AC59: 2.8719 | AD59: ..
A60: Nitrous oxide (N2O) emissions from Agriculture (Mt CO2e) | B60: EN.GHG.N2O.AG.MT.CE.AR5 | C60: Egypt | D60: EGY | E60: 10.0887 | F60: 10.7527 | G60: 10.9 | H60: 11.3076 | I60: 12.3209 | J60: 12.096 | K60: 11.8561 | L60: 11.4536 | M60: 11.5673 | N60: 11.4551 | O60: 11.3293 | P60: 11.7103 | Q60: 11.2934 | R60: 11.2187 | S60: 11.3524 | T60: 11.8118 | U60: 12.1106 | V60: 11.9318 | W60: 11.8786 | X60: 9.4994 | Y60: 9.988 | Z60: 10.059 | AA60: 9.875 | AB60: 9.8793 | AC60: 9.614 | AD60: ..
A61: Nitrous oxide (N2O) emissions from Agriculture (Mt CO2e) | B61: EN.GHG.N2O.AG.MT.CE.AR5 | C61: El Salvador | D61: SLV | E61: 0.7724 | F61: 0.8111 | G61: 0.7887 | H61: 0.7422 | I61: 0.8139 | J61: 0.8223 | K61: 0.8282 | L61: 0.8247 | M61: 0.9038 | N61: 0.8705 | O61: 0.8463 | P61: 0.7435 | Q61: 0.8309 | R61: 0.7357 | S61: 0.7573 | T61: 0.7833 | U61: 0.7696 | V61: 0.8198 | W61: 0.7638 | X61: 0.7345 | Y61: 0.8731 | Z61: 0.7531 | AA61: 0.7275 | AB61: 0.7104 | AC61: 0.7014 | AD61: ..
A62: Nitrous oxide (N2O) emissions from Agriculture (Mt CO2e) | B62: EN.GHG.N2O.AG.MT.CE.AR5 | C62: Equatorial Guinea | D62: GNQ | E62: 0.0079 | F62: 0.008 | G62: 0.0081 | H62: 0.0081 | I62: 0.0082 | J62: 0.0083 | K62: 0.0084 | L62: 0.0086 | M62: 0.0087 | N62: 0.0087 | O62: 0.0089 | P62: 0.009 | Q62: 0.0092 | R62: 0.0092 | S62: 0.0093 | T62: 0.0095 | U62: 0.0094 | V62: 0.0095 | W62: 0.0096 | X62: 0.0097 | Y62: 0.0097 | Z62: 0.0097 | AA62: 0.0098 | AB62: 0.01 | AC62: 0.01 | AD62: ..
A63: Nitrous oxide (N2O) emissions from Agriculture (Mt CO2e) | B63: EN.GHG.N2O.AG.MT.CE.AR5 | C63: Eritrea | D63: ERI | E63: 1.0031 | F63: 0.9615 | G63: 0.9481 | H63: 0.9859 | I63: 1.0049 | J63: 1.0244 | K63: 0.975 | L63: 1.0528 | M63: 1.0527 | N63: 1.0607 | O63: 1.0187 | P63: 1.0753 | Q63: 1.0791 | R63: 1.0866 | S63: 1.0916 | T63: 1.0959 | U63: 1.1033 | V63: 1.1081 | W63: 1.1125 | X63: 1.1184 | Y63: 1.1186 | Z63: 1.1225 | AA63: 1.1262 | AB63: 1.1294 | AC63: 1.1328 | AD63: ..
A64: Nitrous oxide (N2O) emissions from Agriculture (Mt CO2e) | B64: EN.GHG.N2O.AG.MT.CE.AR5 | C64: Estonia | D64: EST | E64: 1.2328 | F64: 1.2608 | G64: 1.2789 | H64: 1.2531 | I64: 1.287 | J64: 1.3013 | K64: 1.2107 | L64: 1.271 | M64: 1.3248 | N64: 1.3383 | O64: 1.3507 | P64: 1.375 | Q64: 1.4203 | R64: 1.4537 | S64: 1.4735 | T64: 1.5323 | U64: 1.4494 | V64: 1.4738 | W64: 1.4824 | X64: 1.5701 | Y64: 1.6003 | Z64: 1.5168 | AA64: 1.4963 | AB64: 1.4768 | AC64: 1.4882 | AD64: ..
... A76: Nitrous oxide (N2O) emissions from Agriculture (Mt CO2e) | B76: EN.GHG.N2O.AG.MT.CE.AR5 | C76: Ghana | D76: GHA | E76: 0.998 | F76: 1.0163 | G76: 1.0506 | H76: 1.0806 | I76: 1.1114 | J76: 1.123 | K76: 1.1768 | L76: 1.2038 | M76: 1.2511 | N76: 1.2961 | O76: 1.3339 | P76: 1.3925 | Q76: 1.4524 | R76: 1.507 | S76: 1.5712 | T76: 1.6396 | U76: 1.718 | V76: 1.8063 | W76: 1.8587 | X76: 1.9259 | Y76: 2.0476 | Z76: 2.0776 | AA76: 2.1494 | AB76: 2.2367 | AC76: 2.2863 | AD76: ..
A77: Nitrous oxide (N2O) emissions from Agriculture (Mt CO2e) | B77: EN.GHG.N2O.AG.MT.CE.AR5 | C77: Gibraltar | D77: GIB | E77: .. | F77: .. | G77: .. | H77: .. | I77: .. | J77: .. | K77: .. | L77: .. | M77: .. | N77: .. | O77: .. | P77: .. | Q77: .. | R77: .. | S77: .. | T77: .. | U77: .. | V77: .. | W77: .. | X77: .. | Y77: .. | Z77: .. | AA77: .. | AB77: .. | AC77: .. | AD77: ..
A78: Nitrous oxide (N2O) emissions from Agriculture (Mt CO2e) | B78: EN.GHG.N2O.AG.MT.CE.AR5 | C78: Greece | D78: GRC | E78: 3.4104 | F78: 3.2757 | G78: 3.2388 | H78: 3.2739 | I78: 3.1077 | J78: 3.0765 | K78: 2.9532 | L78: 2.9996 | M78: 2.7005 | N78: 2.8279 | O78: 2.8934 | P78: 2.7996 | Q78: 2.808 | R78: 2.8086 | S78: 2.7616 | T78: 2.7172 | U78: 2.7265 | V78: 2.7097 | W78: 2.5722 | X78: 2.5856 | Y78: 2.5952 | Z78: 2.3678 | AA78: 2.442 | AB78: 2.4642 | AC78: 2.4369 | AD78: ..
A79: Nitrous oxide (N2O) emissions from Agriculture (Mt CO2e) | B79: EN.GHG.N2O.AG.MT.CE.AR5 | C79: Greenland | D79: GRL | E79: 0.0013 | F79: 0.0013 | G79: 0.0012 | H79: 0.0012 | I79: 0.0012 | J79: 0.0012 | K79: 0.0012 | L79: 0.0013 | M79: 0.0013 | N79: 0.0013 | O79: 0.0013 | P79: 0.0013 | Q79: 0.0013 | R79: 0.0013 | S79: 0.0012 | T79: 0.0012 | U79: 0.0012 | V79: 0.0012 | W79: 0.0012 | X79: 0.0012 | Y79: 0.0012 | Z79: 0.0012 | AA79: 0.0012 | AB79: 0.0012 | AC79: 0.0012 | AD79: ..
A80: Nitrous oxide (N2O) emissions from Agriculture (Mt CO2e) | B80: EN.GHG.N2O.AG.MT.CE.AR5 | C80: Grenada | D80: GRD | E80: 0.0037 | F80: 0.0037 | G80: 0.0039 | H80: 0.004 | I80: 0.0039 | J80: 0.0039 | K80: 0.004 | L80: 0.0041 | M80: 0.0042 | N80: 0.0042 | O80: 0.0041 | P80: 0.0041 | Q80: 0.0041 | R80: 0.004 | S80: 0.0042 | T80: 0.0042 | U80: 0.004 | V80: 0.0039 | W80: 0.0039 | X80: 0.004 | Y80: 0.004 | Z80: 0.004 | AA80: 0.0039 | AB80: 0.0046 | AC80: 0.0048 | AD80: ..
A81: Nitrous oxide (N2O) emissions from Agriculture (Mt CO2e) | B81: EN.GHG.N2O.AG.MT.CE.AR5 | C81: Guam | D81: GUM | E81: 0.0013 | F81: 0.0013 | G81: 0.0014 | H81: 0.0014 | I81: 0.0014 | J81: 0.0014 | K81: 0.0014 | L81: 0.0015 | M81: 0.0015 | N81: 0.0015 | O81: 0.0014 | P81: 0.0015 | Q81: 0.0018 | R81: 0.0018 | S81: 0.0018 | T81: 0.0018 | U81: 0.0018 | V81: 0.0018 | W81: 0.0018 | X81: 0.0018 | Y81: 0.0018 | Z81: 0.0018 | AA81: 0.0019 | AB81: 0.0019 | AC81: 0.0019 | AD81: ..
A82: Nitrous oxide (N2O) emissions from Agriculture (Mt CO2e) | B82: EN.GHG.N2O.AG.MT.CE.AR5 | C82: Guatemala | D82: GTM | E82: 1.9651 | F82: 2.0238 | G82: 1.9968 | H82: 1.8802 | I82: 2.1665 | J82: 2.1201 | K82: 2.3798 | L82: 2.1898 | M82: 2.3109 | N82: 2.3975 | O82: 2.4891 | P82: 2.5311 | Q82: 2.7126 | R82: 3.077 | S82: 3.1636 | T82: 3.0598 | U82: 3.0268 | V82: 3.1153 | W82: 3.264 | X82: 3.1869 | Y82: 3.4917 | Z82: 3.3014 | AA82: 3.2524 | AB82: 3.2601 | AC82: 3.2763 | AD82: ..
A83: Nitrous oxide (N2O) emissions from Agriculture (Mt CO2e) | B83: EN.GHG.N2O.AG.MT.CE.AR5 | C83: Guinea | D83: GIN | E83: 1.1231 | F83: 1.1771 | G83: 1.2384 | H83: 1.3052 | I83: 1.3761 | J83: 1.4518 | K83: 1.5338 | L83: 1.6147 | M83: 1.6989 | N83: 1.7857 | O83: 1.915 | P83: 2.0204 | Q83: 2.128 | R83: 2.2374 | S83: 2.3287 | T83: 2.4689 | U83: 2.5997 | V83: 2.7273 | W83: 2.8915 | X83: 3.0154 | Y83: 3.1618 | Z83: 3.3372 | AA83: 3.5205 | AB83: 3.4775 | AC83: 3.5837 | AD83: ..
A84: Nitrous oxide (N2O) emissions from Agriculture (Mt CO2e) | B84: EN.GHG.N2O.AG.MT.CE.AR5 | C84: Guinea-Bissau | D84: GNB | E84: 0.2786 | F84: 0.2797 | G84: 0.2796 | H84: 0.2841 | I84: 0.285 | J84: 0.2744 | K84: 0.29 | L84: 0.307 | M84: 0.3268 | N84: 0.3459 | O84: 0.3658 | P84: 0.3825 | Q84: 0.3855 | R84: 0.3933 | S84: 0.3935 | T84: 0.3977 | U84: 0.4012 | V84: 0.4039 | W84: 0.4077 | X84: 0.4144 | Y84: 0.4118 | Z84: 0.4173 | AA84: 0.422 | AB84: 0.4236 | AC84: 0.4262 | AD84: ..
A85: Nitrous oxide (N2O) emissions from Agriculture (Mt CO2e) | B85: EN.GHG.N2O.AG.MT.CE.AR5 | C85: Guyana | D85: GUY | E85: 0.2264 | F85: 0.2289 | G85: 0.2333 | H85: 0.2485 | I85: 0.2655 | J85: 0.258 | K85: 0.2544 | L85: 0.2638 | M85: 0.2601 | N85: 0.2689 | O85: 0.2654 | P85: 0.272 | Q85: 0.2796 | R85: 0.2827 | S85: 0.2875 | T85: 0.29 | U85: 0.2821 | V85: 0.2862 | W85: 0.2843 | X85: 0.2871 | Y85: 0.2884 | Z85: 0.2865 | AA85: 0.2929 | AB85: 0.2977 | AC85: 0.2985 | AD85: ..
A86: Nitrous oxide (N2O) emissions from Agriculture (Mt CO2e) | B86: EN.GHG.N2O.AG.MT.CE.AR5 | C86: Haiti | D86: HTI | E86: 0.9506 | F86: 0.9517 | G86: 0.9576 | H86: 0.9669 | I86: 0.9606 | J86: 0.9659 | K86: 0.9612 | L86: 0.9723 | M86: 0.9697 | N86: 0.9765 | O86: 0.9867 | P86: 0.9896 | Q86: 0.9835 | R86: 0.9936 | S86: 1.0119 | T86: 1.0132 | U86: 1.0336 | V86: 1.0137 | W86: 0.9828 | X86: 0.9861 | Y86: 0.9824 | Z86: 0.99 | AA86: 0.9983 | AB86: 1.0043 | AC86: 1.0096 | AD86: ..
A87: Nitrous oxide (N2O) emissions from Agriculture (Mt CO2e) | B87: EN.GHG.N2O.AG.MT.CE.AR5 | C87: Honduras | D87: HND | E87: 0.7856 | F87: 0.8391 | G87: 0.9611 | H87: 1.1048 | I87: 1.1546 | J87: 1.2178 | K87: 1.1991 | L87: 1.2198 | M87: 1.2297 | N87: 1.2915 | O87: 1.2935 | P87: 1.2833 | Q87: 1.3169 | R87: 1.3292 | S87: 1.3318 | T87: 1.3384 | U87: 1.3404 | V87: 1.3466 | W87: 1.3523 | X87: 1.3583 | Y87: 1.3649 | Z87: 1.3691 | AA87: 1.377 | AB87: 1.3968 | AC87: 1.3981 | AD87: ..
A88: Nitrous oxide (N2O) emissions from Agriculture (Mt CO2e) | B88: EN.GHG.N2O.AG.MT.CE.AR5 | C88: Hong Kong SAR, China | D88: HKG | E88: 0.0141 | F88: 0.0145 | G88: 0.0139 | H88: 0.0126 | I88: 0.0125 | J88: 0.0125 | K88: 0.0127 | L88: 0.0107 | M88: 0.0107 | N88: 0.0115 | O88: 0.0121 | P88: 0.0124 | Q88: 0.0124 | R88: 0.0126 | S88: 0.0127 | T88: 0.0135 | U88: 0.0135 | V88: 0.0145 | W88: 0.0146 | X88: 0.0148 | Y88: 0.0155 | Z88: 0.015 | AA88: 0.0151 | AB88: 0.0152 | AC88: 0.0152 | AD88: ..
A89: Nitrous oxide (N2O) emissions from Agriculture (Mt CO2e) | B89: EN.GHG.N2O.AG.MT.CE.AR5 | C89: Hungary | D89: HUN | E89: 4.3389 | F89: 4.58 | G89: 4.4328 | H89: 4.3278 | I89: 4.7501 | J89: 4.4442 | K89: 4.4311 | L89: 4.1381 | M89: 3.9499 | N89: 3.873 | O89: 3.8194 | P89: 4.0305 | Q89: 4.0335 | R89: 4.1936 | S89: 4.3594 | T89: 4.287 | U89: 4.4481 | V89: 4.5381 | W89: 4.6658 | X89: 4.6503 | Y89: 4.8071 | Z89: 4.7649 | AA89: 3.9576 | AB89: 4.0996 | AC89: 3.9797 | AD89: ..
... A95: Nitrous oxide (N2O) emissions from Agriculture (Mt CO2e) | B95: EN.GHG.N2O.AG.MT.CE.AR5 | C95: Ireland | D95: IRL | E95: 8.5343 | F95: 8.5128 | G95: 8.5843 | H95: 8.4533 | I95: 8.4061 | J95: 8.2619 | K95: 8.2287 | L95: 7.9856 | M95: 7.8721 | N95: 8.2282 | O95: 7.9968 | P95: 7.6698 | Q95: 8.0662 | R95: 8.1869 | S95: 8.1748 | T95: 8.2569 | U95: 8.5206 | V95: 8.727 | W95: 8.3584 | X95: 8.2011 | Y95: 8.2851 | Z95: 8.279 | AA95: 7.9781 | AB95: 7.8564 | AC95: 7.7902 | AD95: ..
A96: Nitrous oxide (N2O) emissions from Agriculture (Mt CO2e) | B96: EN.GHG.N2O.AG.MT.CE.AR5 | C96: Isle of Man | D96: IMN | E96: .. | F96: .. | G96: .. | H96: .. | I96: .. | J96: .. | K96: .. | L96: .. | M96: .. | N96: .. | O96: .. | P96: .. | Q96: .. | R96: .. | S96: .. | T96: .. | U96: .. | V96: .. | W96: .. | X96: .. | Y96: .. | Z96: .. | AA96: .. | AB96: .. | AC96: .. | AD96: ..
A97: Nitrous oxide (N2O) emissions from Agriculture (Mt CO2e) | B97: EN.GHG.N2O.AG.MT.CE.AR5 | C97: Israel | D97: ISR | E97: 0.7403 | F97: 0.7514 | G97: 0.7713 | H97: 0.7877 | I97: 0.822 | J97: 0.783 | K97: 0.8284 | L97: 0.7977 | M97: 0.8091 | N97: 0.8105 | O97: 0.8105 | P97: 0.8441 | Q97: 0.8418 | R97: 0.8788 | S97: 0.8831 | T97: 0.9139 | U97: 0.9152 | V97: 0.935 | W97: 0.9656 | X97: 0.9645 | Y97: 0.9502 | Z97: 1.0082 | AA97: 1.0596 | AB97: 1.056 | AC97: 1.0702 | AD97: ..
A98: Nitrous oxide (N2O) emissions from Agriculture (Mt CO2e) | B98: EN.GHG.N2O.AG.MT.CE.AR5 | C98: Italy | D98: ITA | E98: 11.2485 | F98: 10.4764 | G98: 10.7335 | H98: 10.2778 | I98: 10.1494 | J98: 9.7397 | K98: 9.9784 | L98: 10.0237 | M98: 9.7306 | N98: 9.4517 | O98: 9.399 | P98: 9.2799 | Q98: 9.3736 | R98: 9.3286 | S98: 9.266 | T98: 9.3784 | U98: 9.4547 | V98: 9.3621 | W98: 9.5074 | X98: 9.2871 | Y98: 9.4939 | Z98: 8.4652 | AA98: 8.3255 | AB98: 8.1695 | AC98: 7.9635 | AD98: ..
A99: Nitrous oxide (N2O) emissions from Agriculture (Mt CO2e) | B99: EN.GHG.N2O.AG.MT.CE.AR5 | C99: Jamaica | D99: JAM | E99: 0.2618 | F99: 0.2646 | G99: 0.2588 | H99: 0.2713 | I99: 0.26 | J99: 0.261 | K99: 0.2016 | L99: 0.188 | M99: 0.1928 | N99: 0.1885 | O99: 0.1858 | P99: 0.1869 | Q99: 0.1915 | R99: 0.1911 | S99: 0.1918 | T99: 0.1883 | U99: 0.189 | V99: 0.1896 | W99: 0.1902 | X99: 0.1895 | Y99: 0.1894 | Z99: 0.1899 | AA99: 0.1891 | AB99: 0.189 | AC99: 0.1888 | AD99: ..
A100: Nitrous oxide (N2O) emissions from Agriculture (Mt CO2e) | B100: EN.GHG.N2O.AG.MT.CE.AR5 | C100: Japan | D100: JPN | E100: 6.6191 | F100: 6.5646 | G100: 6.5734 | H100: 6.4991 | I100: 6.4462 | J100: 6.3406 | K100: 6.2845 | L100: 6.3527 | M100: 6.2001 | N100: 5.9096 | O100: 5.9914 | P100: 5.8169 | Q100: 5.7282 | R100: 5.865 | S100: 5.6548 | T100: 5.4716 | U100: 5.5554 | V100: 5.5994 | W100: 5.5209 | X100: 5.4695 | Y100: 5.4848 | Z100: 5.4827 | AA100: 5.4035 | AB100: 5.3669 | AC100: 5.3184 | AD100: ..
A101: Nitrous oxide (N2O) emissions from Agriculture (Mt CO2e) | B101: EN.GHG.N2O.AG.MT.CE.AR5 | C101: Jordan | D101: JOR | E101: 0.2417 | F101: 0.2433 | G101: 0.2582 | H101: 0.2624 | I101: 0.2354 | J101: 0.2907 | K101: 0.2538 | L101: 0.2936 | M101: 0.3534 | N101: 0.3133 | O101: 0.3213 | P101: 0.3288 | Q101: 0.3269 | R101: 0.3436 | S101: 0.3652 | T101: 0.3562 | U101: 0.4033 | V101: 0.3721 | W101: 0.3731 | X101: 0.384 | Y101: 0.3772 | Z101: 0.3831 | AA101: 0.3813 | AB101: 0.3897 | AC101: 0.3939 | AD101: ..
A102: Nitrous oxide (N2O) emissions from Agriculture (Mt CO2e) | B102: EN.GHG.N2O.AG.MT.CE.AR5 | C102: Kazakhstan | D102: KAZ | E102: 3.7057 | F102: 4.0583 | G102: 4.2486 | H102: 4.3729 | I102: 4.4305 | J102: 4.7371 | K102: 5.0841 | L102: 5.4805 | M102: 5.4408 | N102: 5.8547 | O102: 5.5283 | P102: 6.4099 | Q102: 5.5072 | R102: 5.6074 | S102: 5.804 | T102: 6.1708 | U102: 6.5419 | V102: 6.7406 | W102: 7.1283 | X102: 6.9835 | Y102: 7.5658 | Z102: 7.5654 | AA102: 8.095 | AB102: 7.1314 | AC102: 7.7634 | AD102: ..
A103: Nitrous oxide (N2O) emissions from Agriculture (Mt CO2e) | B103: EN.GHG.N2O.AG.MT.CE.AR5 | C103: Kenya | D103: KEN | E103: 6.5892 | F103: 6.6199 | G103: 6.7944 | H103: 7.2461 | I103: 7.7484 | J103: 7.5712 | K103: 7.2792 | L103: 11.2513 | M103: 11.4455 | N103: 11.0806 | O103: 11.2952 | P103: 11.4826 | Q103: 11.3325 | R103: 11.4515 | S103: 11.5527 | T103: 11.614 | U103: 12.6098 | V103: 11.8857 | W103: 12.1592 | X103: 13.9585 | Y103: 16.3199 | Z103: 14.4366 | AA103: 14.6882 | AB103: 13.9475 | AC103: 14.2905 | AD103: ..
A104: Nitrous oxide (N2O) emissions from Agriculture (Mt CO2e) | B104: EN.GHG.N2O.AG.MT.CE.AR5 | C104: Kiribati | D104: KIR | E104: 0.0019 | F104: 0.002 | G104: 0.0022 | H104: 0.0022 | I104: 0.0023 | J104: 0.0023 | K104: 0.0023 | L104: 0.0025 | M104: 0.0026 | N104: 0.0026 | O104: 0.0027 | P104: 0.0028 | Q104: 0.0028 | R104: 0.0028 | S104: 0.0028 | T104: 0.0029 | U104: 0.0029 | V104: 0.0029 | W104: 0.003 | X104: 0.003 | Y104: 0.003 | Z104: 0.003 | AA104: 0.0031 | AB104: 0.0031 | AC104: 0.0031 | AD104: ..
A105: Nitrous oxide (N2O) emissions from Agriculture (Mt CO2e) | B105: EN.GHG.N2O.AG.MT.CE.AR5 | C105: Korea, Dem. People's Rep. | D105: PRK | E105: 1.6311 | F105: 1.7183 | G105: 1.6564 | H105: 1.6681 | I105: 1.7522 | J105: 1.7009 | K105: 1.7509 | L105: 1.7608 | M105: 1.6798 | N105: 1.6695 | O105: 1.8 | P105: 1.814 | Q105: 1.8678 | R105: 1.8553 | S105: 1.6773 | T105: 1.5456 | U105: 1.7558 | V105: 1.6977 | W105: 1.9908 | X105: 1.4156 | Y105: 1.0131 | Z105: 1.0592 | AA105: 0.9965 | AB105: 0.9794 | AC105: 0.9699 | AD105: ..
A106: Nitrous oxide (N2O) emissions from Agriculture (Mt CO2e) | B106: EN.GHG.N2O.AG.MT.CE.AR5 | C106: Republic of Korea | D106: KOR | E106: 4.1563 | F106: 3.8903 | G106: 3.7042 | H106: 3.8757 | I106: 4.1177 | J106: 4.055 | K106: 3.7817 | L106: 4.1939 | M106: 4.1981 | N106: 4.3434 | O106: 4.5152 | P106: 4.3926 | Q106: 4.536 | R106: 5.1343 | S106: 5.0128 | T106: 5.4979 | U106: 5.6084 | V106: 5.5414 | W106: 4.6575 | X106: 4.6559 | Y106: 4.7227 | Z106: 4.9364 | AA106: 4.8379 | AB106: 4.5595 | AC106: 4.342 | AD106: ..
A107: Nitrous oxide (N2O) emissions from Agriculture (Mt CO2e) | B107: EN.GHG.N2O.AG.MT.CE.AR5 | C107: Kosovo | D107: XKX | E107: .. | F107: .. | G107: .. | H107: .. | I107: .. | J107: .. | K107: .. | L107: .. | M107: .. | N107: .. | O107: .. | P107: .. | Q107: .. | R107: .. | S107: .. | T107: .. | U107: .. | V107: .. | W107: .. | X107: .. | Y107: .. | Z107: .. | AA107: .. | AB107: .. | AC107: .. | AD107: ..
A108: Nitrous oxide (N2O) emissions from Agriculture (Mt CO2e) | B108: EN.GHG.N2O.AG.MT.CE.AR5 | C108: Kuwait | D108: KWT | E108: 0.0972 | F108: 0.0871 | G108: 0.096 | H108: 0.1035 | I108: 0.0931 | J108: 0.0974 | K108: 0.0968 | L108: 0.1014 | M108: 0.1101 | N108: 0.1195 | O108: 0.1075 | P108: 0.1145 | Q108: 0.122 | R108: 0.1316 | S108: 0.1401 | T108: 0.1469 | U108: 0.1675 | V108: 0.1565 | W108: 0.1569 | X108: 0.1672 | Y108: 0.1736 | Z108: 0.1744 | AA108: 0.1739 | AB108: 0.1773 | AC108: 0.1806 | AD108: ..
A109: Nitrous oxide (N2O) emissions from Agriculture (Mt CO2e) | B109: EN.GHG.N2O.AG.MT.CE.AR5 | C109: Kyrgyz Republic | D109: KGZ | E109: 0.9916 | F109: 0.9068 | G109: 0.9091 | H109: 0.9259 | I109: 0.9118 | J109: 0.9186 | K109: 0.9446 | L109: 0.9572 | M109: 1.0073 | N109: 1.259 | O109: 1.2841 | P109: 1.3081 | Q109: 1.3166 | R109: 1.4089 | S109: 1.3921 | T109: 1.3454 | U109: 1.3586 | V109: 1.6322 | W109: 1.6184 | X109: 1.7536 | Y109: 1.684 | Z109: 1.716 | AA109: 1.6029 | AB109: 1.5706 | AC109: 1.589 | AD109: ..
A110: Nitrous oxide (N2O) emissions from Agriculture (Mt CO2e) | B110: EN.GHG.N2O.AG.MT.CE.AR5 | C110: Lao PDR | D110: LAO | E110: 1.1034 | F110: 1.1496 | G110: 1.1981 | H110: 1.2421 | I110: 1.2863 | J110: 1.2916 | K110: 1.336 | L110: 1.3734 | M110: 1.4381 | N110: 1.509 | O110: 1.5659 | P110: 1.6239 | Q110: 1.7262 | R110: 1.7553 | S110: 1.8246 | T110: 1.9276 | U110: 2.0001 | V110: 2.0119 | W110: 2.0741 | X110: 2.1316 | Y110: 2.2073 | Z110: 2.2518 | AA110: 2.3252 | AB110: 2.4232 | AC110: 2.4932 | AD110: ..
A111: Nitrous oxide (N2O) emissions from Agriculture (Mt CO2e) | B111: EN.GHG.N2O.AG.MT.CE.AR5 | C111: Latvia | D111: LVA | E111: 1.4367 | F111: 1.4929 | G111: 1.4997 | H111: 1.5042 | I111: 1.514 | J111: 1.5359 | K111: 1.5668 | L111: 1.6374 | M111: 1.6509 | N111: 1.5949 | O111: 1.573 | P111: 1.6199 | Q111: 1.7076 | R111: 1.7034 | S111: 1.7115 | T111: 1.8962 | U111: 2.0466 | V111: 1.9689 | W111: 1.9199 | X111: 2.0153 | Y111: 2.0939 | Z111: 2.0742 | AA111: 2.0641 | AB111: 2.0463 | AC111: 2.0952 | AD111: ..
A112: Nitrous oxide (N2O) emissions from Agriculture (Mt CO2e) | B112: EN.GHG.N2O.AG.MT.CE.AR5 | C112: Lebanon | D112: LBN | E112: 0.2747 | F112: 0.3068 | G112: 0.2698 | H112: 0.3045 | I112: 0.3041 | J112: 0.2196 | K112: 0.231 | L112: 0.2387 | M112: 0.2229 | N112: 0.311 | O112: 0.2662 | P112: 0.3047 | Q112: 0.3467 | R112: 0.3232 | S112: 0.2855 | T112: 0.3142 | U112: 0.3144 | V112: 0.3259 | W112: 0.3004 | X112: 0.3016 | Y112: 0.2769 | Z112: 0.2626 | AA112: 0.2596 | AB112: 0.247 | AC112: 0.2396 | AD112: ..
A113: Nitrous oxide (N2O) emissions from Agriculture (Mt CO2e) | B113: EN.GHG.N2O.AG.MT.CE.AR5 | C113: Lesotho | D113: LSO | E113: 0.4379 | F113: 0.443 | G113: 0.3964 | H113: 0.396 | I113: 0.3902 | J113: 0.4332 | K113: 0.4241 | L113: 0.4279 | M113: 0.404 | N113: 0.4032 | O113: 0.3993 | P113: 0.3989 | Q113: 0.4033 | R113: 0.3719 | S113: 0.365 | T113: 0.3571 | U113: 0.3437 | V113: 0.3819 | W113: 0.344 | X113: 0.3002 | Y113: 0.2302 | Z113: 0.2583 | AA113: 0.273 | AB113: 0.3073 | AC113: 0.299 | AD113: ..
A114: Nitrous oxide (N2O) emissions from Agriculture (Mt CO2e) | B114: EN.GHG.N2O.AG.MT.CE.AR5 | C114: Liberia | D114: LBR | E114: 0.081 | F114: 0.081 | G114: 0.0804 | H114: 0.0807 | I114: 0.0812 | J114: 0.0821 | K114: 0.0888 | L114: 0.0971 | M114: 0.1059 | N114: 0.1154 | O114: 0.1245 | P114: 0.129 | Q114: 0.1295 | R114: 0.1304 | S114: 0.1312 | T114: 0.1333 | U114: 0.1368 | V114: 0.1303 | W114: 0.1307 | X114: 0.134 | Y114: 0.1342 | Z114: 0.1342 | AA114: 0.1362 | AB114: 0.1342 | AC114: 0.1348 | AD114: ..
A115: Nitrous oxide (N2O) emissions from Agriculture (Mt CO2e) | B115: EN.GHG.N2O.AG.MT.CE.AR5 | C115: Libya | D115: LBY | E115: 0.5619 | F115: 0.6255 | G115: 0.5926 | H115: 0.5989 | I115: 0.6709 | J115: 0.7167 | K115: 0.77 | L115: 0.8015 | M115: 0.8025 | N115: 0.8242 | O115: 0.849 | P115: 0.8501 | Q115: 0.8523 | R115: 0.8419 | S115: 0.7762 | T115: 0.8227 | U115: 0.7182 | V115: 0.8826 | W115: 0.7909 | X115: 0.8037 | Y115: 0.779 | Z115: 0.7933 | AA115: 0.7448 | AB115: 0.7462 | AC115: 0.7481 | AD115: ..
A116: Nitrous oxide (N2O) emissions from Agriculture (Mt CO2e) | B116: EN.GHG.N2O.AG.MT.CE.AR5 | C116: Liechtenstein | D116: LIE | E116: .. | F116: .. | G116: .. | H116: .. | I116: .. | J116: .. | K116: .. | L116: .. | M116: .. | N116: .. | O116: .. | P116: .. | Q116: .. | R116: .. | S116: .. | T116: .. | U116: .. | V116: .. | W116: .. | X116: .. | Y116: .. | Z116: .. | AA116: .. | AB116: .. | AC116: .. | AD116: ..
A117: Nitrous oxide (N2O) emissions from Agriculture (Mt CO2e) | B117: EN.GHG.N2O.AG.MT.CE.AR5 | C117: Lithuania | D117: LTU | E117: 2.7219 | F117: 2.6235 | G117: 2.6502 | H117: 2.6639 | I117: 2.6829 | J117: 2.674 | K117: 2.6328 | L117: 2.6939 | M117: 3.2604 | N117: 3.3397 | O117: 3.3198 | P117: 3.3568 | Q117: 3.4159 | R117: 3.4158 | S117: 3.4835 | T117: 3.569 | U117: 3.5192 | V117: 3.517 | W117: 3.4304 | X117: 3.4693 | Y117: 3.6456 | Z117: 3.4649 | AA117: 3.2187 | AB117: 3.1597 | AC117: 3.1313 | AD117: ..
A118: Nitrous oxide (N2O) emissions from Agriculture (Mt CO2e) | B118: EN.GHG.N2O.AG.MT.CE.AR5 | C118: Luxembourg | D118: LUX | E118: 0.1379 | F118: 0.1364 | G118: 0.1324 | H118: 0.1275 | I118: 0.1254 | J118: 0.1237 | K118: 0.1217 | L118: 0.1253 | M118: 0.129 | N118: 0.1294 | O118: 0.1303 | P118: 0.1269 | Q118: 0.1248 | R118: 0.1293 | S118: 0.1311 | T118: 0.1339 | U118: 0.1345 | V118: 0.1367 | W118: 0.1323 | X118: 0.1323 | Y118: 0.1309 | Z118: 0.1293 | AA118: 0.1291 | AB118: 0.1272 | AC118: 0.1266 | AD118: ..
A119: Nitrous oxide (N2O) emissions from Agriculture (Mt CO2e) | B119: EN.GHG.N2O.AG.MT.CE.AR5 | C119: Macao SAR, China | D119: MAC | E119: 0.0011 | F119: 0.0012 | G119: 0.0012 | H119: 0.0014 | I119: 0.0012 | J119: 0.0014 | K119: 0.0014 | L119: 0.0015 | M119: 0.0013 | N119: 0.0013 | O119: 0.0013 | P119: 0.0013 | Q119: 0.0014 | R119: 0.0014 | S119: 0.0014 | T119: 0.0014 | U119: 0.0014 | V119: 0.0015 | W119: 0.0015 | X119: 0.0015 | Y119: 0.0015 | Z119: 0.0015 | AA119: 0.0015 | AB119: 0.0015 | AC119: 0.0016 | AD119: ..
A120: Nitrous oxide (N2O) emissions from Agriculture (Mt CO2e) | B120: EN.GHG.N2O.AG.MT.CE.AR5 | C120: Madagascar | D120: MDG | E120: 4.3304 | F120: 3.7594 | G120: 3.4535 | H120: 3.5303 | I120: 3.5902 | J120: 4.1651 | K120: 4.202 | L120: 4.2451 | M120: 4.2941 | N120: 4.3468 | O120: 4.3848 | P120: 4.421 | Q120: 4.465 | R120: 4.4373 | S120: 4.5277 | T120: 4.5648 | U120: 4.585 | V120: 4.5946 | W120: 3.9804 | X120: 4.0284 | Y120: 3.9778 | Z120: 4.0859 | AA120: 4.1181 | AB120: 3.7283 | AC120: 3.6702 | AD120: ..
A121: Nitrous oxide (N2O) emissions from Agriculture (Mt CO2e) | B121: EN.GHG.N2O.AG.MT.CE.AR5 | C121: Malawi | D121: MWI | E121: 0.6858 | F121: 0.6654 | G121: 0.6571 | H121: 0.683 | I121: 0.7013 | J121: 0.7176 | K121: 0.7857 | L121: 0.9031 | M121: 1.012 | N121: 1.1063 | O121: 1.2446 | P121: 1.3571 | Q121: 1.4729 | R121: 1.5842 | S121: 1.6555 | T121: 1.7923 | U121: 1.8981 | V121: 2.0439 | W121: 2.5747 | X121: 3.1283 | Y121: 3.1252 | Z121: 3.112 | AA121: 3.3056 | AB121: 3.5528 | AC121: 3.7789 | AD121: ..
A122: Nitrous oxide (N2O) emissions from Agriculture (Mt CO2e) | B122: EN.GHG.N2O.AG.MT.CE.AR5 | C122: Malaysia | D122: MYS | E122: 3.6128 | F122: 3.5822 | G122: 3.7502 | H122: 3.9575 | I122: 4.8721 | J122: 4.5927 | K122: 4.8637 | L122: 5.0974 | M122: 4.9842 | N122: 5.4338 | O122: 5.1685 | P122: 5.2847 | Q122: 4.9871 | R122: 5.7081 | S122: 5.3072 | T122: 5.112 | U122: 5.4236 | V122: 5.4145 | W122: 5.1409 | X122: 5.301 | Y122: 4.9861 | Z122: 4.711 | AA122: 4.3918 | AB122: 4.1986 | AC122: 4.0714 | AD122: ..
A123: Nitrous oxide (N2O) emissions from Agriculture (Mt CO2e) | B123: EN.GHG.N2O.AG.MT.CE.AR5 | C123: Maldives | D123: MDV | E123: 0 | F123: 0 | G123: 0 | H123: 0 | I123: 0 | J123: 0 | K123: 0 | L123: 0 | M123: 0 | N123: 0 | O123: 0 | P123: 0 | Q123: 0 | R123: 0 | S123: 0 | T123: 0 | U123: 0 | V123: 0 | W123: 0 | X123: 0 | Y123: 0 | Z123: 0 | AA123: 0 | AB123: 0 | AC123: 0 | AD123: ..
A124: Nitrous oxide (N2O) emissions from Agriculture (Mt CO2e) | B124: EN.GHG.N2O.AG.MT.CE.AR5 | C124: Mali | D124: MLI | E124: 3.4109 | F124: 3.526 | G124: 3.8498 | H124: 4.0329 | I124: 4.2329 | J124: 4.3949 | K124: 4.437 | L124: 4.7654 | M124: 4.9458 | N124: 5.1526 | O124: 5.4027 | P124: 5.6052 | Q124: 5.8804 | R124: 6.3321 | S124: 6.5377 | T124: 6.7607 | U124: 7.4745 | V124: 8.2859 | W124: 8.3263 | X124: 8.6694 | Y124: 8.7237 | Z124: 8.9383 | AA124: 8.7542 | AB124: 9.5674 | AC124: 9.8054 | AD124: ..
A125: Nitrous oxide (N2O) emissions from Agriculture (Mt CO2e) | B125: EN.GHG.N2O.AG.MT.CE.AR5 | C125: Malta | D125: MLT | E125: 0.0226 | F125: 0.0246 | G125: 0.0228 | H125: 0.0238 | I125: 0.0221 | J125: 0.0232 | K125: 0.023 | L125: 0.023 | M125: 0.0236 | N125: 0.0208 | O125: 0.0199 | P125: 0.0176 | Q125: 0.0179 | R125: 0.0178 | S125: 0.0178 | T125: 0.0175 | U125: 0.0171 | V125: 0.0163 | W125: 0.0158 | X125: 0.0156 | Y125: 0.0157 | Z125: 0.0159 | AA125: 0.0154 | AB125: 0.0156 | AC125: 0.0156 | AD125: ..
A126: Nitrous oxide (N2O) emissions from Agriculture (Mt CO2e) | B126: EN.GHG.N2O.AG.MT.CE.AR5 | C126: Marshall Islands | D126: MHL | E126: 0 | F126: 0 | G126: 0 | H126: 0 | I126: 0 | J126: 0 | K126: 0 | L126: 0 | M126: 0 | N126: 0 | O126: 0 | P126: 0 | Q126: 0 | R126: 0 | S126: 0 | T126: 0 | U126: 0 | V126: 0 | W126: 0 | X126: 0 | Y126: 0 | Z126: 0 | AA126: 0 | AB126: 0 | AC126: .. | AD126: ..
A127: Nitrous oxide (N2O) emissions from Agriculture (Mt CO2e) | B127: EN.GHG.N2O.AG.MT.CE.AR5 | C127: Mauritania | D127: MRT | E127: 1.5707 | F127: 1.6318 | G127: 1.6759 | H127: 1.6934 | I127: 1.6243 | J127: 1.6383 | K127: 1.7322 | L127: 1.6263 | M127: 1.5401 | N127: 1.6786 | O127: 1.7196 | P127: 1.7685 | Q127: 1.8253 | R127: 1.8785 | S127: 1.9069 | T127: 2.0147 | U127: 1.9936 | V127: 1.9783 | W127: 1.9809 | X127: 2.0539 | Y127: 2.0703 | Z127: 2.0584 | AA127: 2.0695 | AB127: 2.0885 | AC127: 2.1101 | AD127: ..
A128: Nitrous oxide (N2O) emissions from Agriculture (Mt CO2e) | B128: EN.GHG.N2O.AG.MT.CE.AR5 | C128: Mauritius | D128: MUS | E128: 0.1195 | F128: 0.0877 | G128: 0.0797 | H128: 0.0693 | I128: 0.0945 | J128: 0.0955 | K128: 0.0978 | L128: 0.0995 | M128: 0.0991 | N128: 0.101 | O128: 0.1029 | P128: 0.1046 | Q128: 0.0839 | R128: 0.0779 | S128: 0.0898 | T128: 0.0518 | U128: 0.0523 | V128: 0.0614 | W128: 0.0646 | X128: 0.0618 | Y128: 0.0525 | Z128: 0.0638 | AA128: 0.0727 | AB128: 0.0767 | AC128: 0.0809 | AD128: ..
A129: Nitrous oxide (N2O) emissions from Agriculture (Mt CO2e) | B129: EN.GHG.N2O.AG.MT.CE.AR5 | C129: Mexico | D129: MEX | E129: 25.1459 | F129: 25.1564 | G129: 24.4177 | H129: 24.7337 | I129: 24.6998 | J129: 24.3078 | K129: 24.3015 | L129: 25.282 | M129: 24.6544 | N129: 25.0149 | O129: 25.5876 | P129: 25.5052 | Q129: 25.5783 | R129: 27.519 | S129: 27.8759 | T129: 27.3596 | U129: 29.1952 | V129: 28.9748 | W129: 29.2374 | X129: 28.8598 | Y129: 30.068 | Z129: 30.1452 | AA129: 29.3971 | AB129: 29.4509 | AC129: 29.2376 | AD129: ..
A130: Nitrous oxide (N2O) emissions from Agriculture (Mt CO2e) | B130: EN.GHG.N2O.AG.MT.CE.AR5 | C130: Micronesia, Fed. Sts. | D130: FSM | E130: 0.0099 | F130: 0.0098 | G130: 0.0099 | H130: 0.0099 | I130: 0.0099 | J130: 0.0099 | K130: 0.0099 | L130: 0.0101 | M130: 0.01 | N130: 0.0105 | O130: 0.0105 | P130: 0.0111 | Q130: 0.0111 | R130: 0.0114 | S130: 0.0115 | T130: 0.0117 | U130: 0.0119 | V130: 0.0118 | W130: 0.0118 | X130: 0.0123 | Y130: 0.012 | Z130: 0.0122 | AA130: 0.0124 | AB130: 0.0138 | AC130: 0.0142 | AD130: ..
A131: Nitrous oxide (N2O) emissions from Agriculture (Mt CO2e) | B131: EN.GHG.N2O.AG.MT.CE.AR5 | C131: Moldova | D131: MDA | E131: 0.5238 | F131: 0.5206 | G131: 0.5331 | H131: 0.5046 | I131: 0.5311 | J131: 0.5144 | K131: 0.5014 | L131: 0.4767 | M131: 0.4652 | N131: 0.4172 | O131: 0.4819 | P131: 0.5297 | Q131: 0.4525 | R131: 0.678 | S131: 0.6496 | T131: 0.6548 | U131: 0.7856 | V131: 0.8317 | W131: 0.9918 | X131: 0.8958 | Y131: 0.8329 | Z131: 0.8554 | AA131: 0.7244 | AB131: 0.7864 | AC131: 0.7749 | AD131: ..
A132: Nitrous oxide (N2O) emissions from Agriculture (Mt CO2e) | B132: EN.GHG.N2O.AG.MT.CE.AR5 | C132: Monaco | D132: MCO | E132: .. | F132: .. | G132: .. | H132: .. | I132: .. | J132: .. | K132: .. | L132: .. | M132: .. | N132: .. | O132: .. | P132: .. | Q132: .. | R132: .. | S132: .. | T132: .. | U132: .. | V132: .. | W132: .. | X132: .. | Y132: .. | Z132: .. | AA132: .. | AB132: .. | AC132: .. | AD132: ..
A133: Nitrous oxide (N2O) emissions from Agriculture (Mt CO2e) | B133: EN.GHG.N2O.AG.MT.CE.AR5 | C133: Mongolia | D133: MNG | E133: 8.1501 | F133: 7.6193 | G133: 6.9495 | H133: 6.8449 | I133: 6.8155 | J133: 7.2152 | K133: 7.5961 | L133: 8.0732 | M133: 8.3012 | N133: 8.3911 | O133: 7.4476 | P133: 7.7861 | Q133: 8.2084 | R133: 8.6377 | S133: 9.3153 | T133: 9.736 | U133: 10.2246 | V133: 10.6631 | W133: 10.6811 | X133: 11.1328 | Y133: 10.8478 | Z133: 10.9718 | AA133: 11.4392 | AB133: 11.0601 | AC133: 11.1317 | AD133: ..
A134: Nitrous oxide (N2O) emissions from Agriculture (Mt CO2e) | B134: EN.GHG.N2O.AG.MT.CE.AR5 | C134: Montenegro | D134: MNE | E134: .. | F134: .. | G134: .. | H134: .. | I134: .. | J134: .. | K134: .. | L134: .. | M134: .. | N134: .. | O134: .. | P134: .. | Q134: .. | R134: .. | S134: .. | T134: .. | U134: .. | V134: .. | W134: .. | X134: .. | Y134: .. | Z134: .. | AA134: .. | AB134: .. | AC134: .. | AD134: ..
A135: Nitrous oxide (N2O) emissions from Agriculture (Mt CO2e) | B135: EN.GHG.N2O.AG.MT.CE.AR5 | C135: Morocco | D135: MAR | E135: 3.8138 | F135: 3.8496 | G135: 3.842 | H135: 4.015 | I135: 4.0763 | J135: 3.9858 | K135: 4.0872 | L135: 3.9693 | M135: 3.8718 | N135: 3.9572 | O135: 4.0504 | P135: 4.1988 | Q135: 4.2081 | R135: 4.4179 | S135: 4.4299 | T135: 4.375 | U135: 4.2636 | V135: 4.6745 | W135: 4.5576 | X135: 4.4224 | Y135: 4.4616 | Z135: 4.2314 | AA135: 4.243 | AB135: 4.0192 | AC135: 3.886 | AD135: ..
A136: Nitrous oxide (N2O) emissions from Agriculture (Mt CO2e) | B136: EN.GHG.N2O.AG.MT.CE.AR5 | C136: Mozambique | D136: MOZ | E136: 1.1775 | F136: 1.0213 | G136: 1.0803 | H136: 1.0761 | I136: 1.1493 | J136: 1.2265 | K136: 1.0362 | L136: 1.2062 | M136: 1.2642 | N136: 1.177 | O136: 1.1914 | P136: 1.2719 | Q136: 1.3678 | R136: 1.3735 | S136: 1.501 | T136: 1.2756 | U136: 1.41 | V136: 1.3033 | W136: 1.5923 | X136: 1.4982 | Y136: 1.5066 | Z136: 1.5816 | AA136: 1.7742 | AB136: 1.7202 | AC136: 1.7297 | AD136: ..
A137: Nitrous oxide (N2O) emissions from Agriculture (Mt CO2e) | B137: EN.GHG.N2O.AG.MT.CE.AR5 | C137: Myanmar | D137: MMR | E137: 8.3702 | F137: 8.2384 | G137: 8.8688 | H137: 9.2098 | I137: 9.22 | J137: 9.6269 | K137: 10.0039 | L137: 10.2169 | M137: 10.5186 | N137: 10.7542 | O137: 11.0969 | P137: 11.486 | Q137: 11.8335 | R137: 12.4695 | S137: 13.0358 | T137: 13.4821 | U137: 14.4759 | V137: 16.3989 | W137: 10.4863 | X137: 10.3321 | Y137: 11.1265 | Z137: 10.4772 | AA137: 11.0579 | AB137: 10.8878 | AC137: 10.839 | AD137: ..
...

Sheet CO2_Em
A1: Series Name | B1: Series Code | C1: Country Name | D1: Country Code | E1: 2000 | F1: 2001 | G1: 2002 | H1: 2003 | I1: 2004 | J1: 2005 | K1: 2006 | L1: 2007 | M1: 2008 | N1: 2009 | O1: 2010 | P1: 2011 | Q1: 2012 | R1: 2013 | S1: 2014 | T1: 2015 | U1: 2016 | V1: 2017 | W1: 2018 | X1: 2019 | Y1: 2020 | Z1: 2021 | AA1: 2022 | AB1: 2023 | AC1: 2024 | AD1: 2025
A2: Carbon dioxide (CO2) emissions from Agriculture (Mt CO2e) | B2: EN.GHG.CO2.AG.MT.CE.AR5 | C2: Afghanistan | D2: AFG | E2: 0.0079 | F2: 0.038 | G2: 0.0327 | H2: 0.0361 | I2: 0.0409 | J2: 0.0503 | K2: 0 | L2: 0 | M2: 0 | N2: 0 | O2: 0 | P2: 0 | Q2: 0.0629 | R2: 0.0552 | S2: 0.0845 | T2: 0.117 | U2: 0.163 | V2: 0.3113 | W2: 0.1613 | X2: 0.1513 | Y2: 0.0648 | Z2: 0.0405 | AA2: 0.0531 | AB2: 0.0524 | AC2: 0.0518 | AD2: ..
A3: Carbon dioxide (CO2) emissions from Agriculture (Mt CO2e) | B3: EN.GHG.CO2.AG.MT.CE.AR5 | C3: Albania | D3: ALB | E3: 0.0166 | F3: 0.0224 | G3: 0.0517 | H3: 0.0386 | I3: 0.06 | J3: 0.0103 | K3: 0.0422 | L3: 0.0418 | M3: 0.0302 | N3: 0.0267 | O3: 0.0226 | P3: 0.0302 | Q3: 0.0542 | R3: 0.034 | S3: 0.0535 | T3: 0.0565 | U3: 0.0474 | V3: 0.0542 | W3: 0.0465 | X3: 0.0664 | Y3: 0.0606 | Z3: 0.0483 | AA3: 0.0607 | AB3: 0.062 | AC3: 0.0633 | AD3: ..
A4: Carbon dioxide (CO2) emissions from Agriculture (Mt CO2e) | B4: EN.GHG.CO2.AG.MT.CE.AR5 | C4: Algeria | D4: DZA | E4: 0.0782 | F4: 0.0782 | G4: 0.1141 | H4: 0.1116 | I4: 0.0361 | J4: 0.0338 | K4: 0.0393 | L4: 0.0314 | M4: 0.0173 | N4: 0.0273 | O4: 0.0595 | P4: 0.067 | Q4: 0.0843 | R4: 0.1093 | S4: 0.1901 | T4: 0.2113 | U4: 0.1743 | V4: 0.1745 | W4: 0.2589 | X4: 0.2063 | Y4: 0.1575 | Z4: 0.1117 | AA4: 0.1247 | AB4: 0.1302 | AC4: 0.136 | AD4: ..
A5: Carbon dioxide (CO2) emissions from Agriculture (Mt CO2e) | B5: EN.GHG.CO2.AG.MT.CE.AR5 | C5: American Samoa | D5: ASM | E5: .. | F5: .. | G5: .. | H5: .. | I5: .. | J5: .. | K5: .. | L5: .. | M5: .. | N5: .. | O5: .. | P5: .. | Q5: .. | R5: .. | S5: .. | T5: .. | U5: .. | V5: .. | W5: .. | X5: .. | Y5: .. | Z5: .. | AA5: .. | AB5: .. | AC5: .. | AD5: ..
A6: Carbon dioxide (CO2) emissions from Agriculture (Mt CO2e) | B6: EN.GHG.CO2.AG.MT.CE.AR5 | C6: Andorra | D6: AND | E6: .. | F6: .. | G6: .. | H6: .. | I6: .. | J6: .. | K6: .. | L6: .. | M6: .. | N6: .. | O6: .. | P6: .. | Q6: .. | R6: .. | S6: .. | T6: .. | U6: .. | V6: .. | W6: .. | X6: .. | Y6: .. | Z6: .. | AA6: .. | AB6: .. | AC6: .. | AD6: ..
A7: Carbon dioxide (CO2) emissions from Agriculture (Mt CO2e) | B7: EN.GHG.CO2.AG.MT.CE.AR5 | C7: Angola | D7: AGO | E7: .. | F7: .. | G7: .. | H7: .. | I7: .. | J7: .. | K7: .. | L7: .. | M7: .. | N7: .. | O7: .. | P7: .. | Q7: .. | R7: .. | S7: .. | T7: .. | U7: .. | V7: .. | W7: .. | X7: .. | Y7: .. | Z7: .. | AA7: .. | AB7: .. | AC7: .. | AD7: ..
A8: Carbon dioxide (CO2) emissions from Agriculture (Mt CO2e) | B8: EN.GHG.CO2.AG.MT.CE.AR5 | C8: Antigua and Barbuda | D8: ATG | E8: .. | F8: .. | G8: .. | H8: .. | I8: .. | J8: .. | K8: .. | L8: .. | M8: .. | N8: .. | O8: .. | P8: .. | Q8: .. | R8: .. | S8: .. | T8: .. | U8: .. | V8: .. | W8: .. | X8: .. | Y8: .. | Z8: .. | AA8: .. | AB8: .. | AC8: .. | AD8: ..
A9: Carbon dioxide (CO2) emissions from Agriculture (Mt CO2e) | B9: EN.GHG.CO2.AG.MT.CE.AR5 | C9: Argentina | D9: ARG | E9: 0.7621 | F9: 0.869 | G9: 0.8453 | H9: 1.1625 | I9: 1.3602 | J9: 1.0349 | K9: 1.2444 | L9: 1.3638 | M9: 0.9172 | N9: 0.8071 | O9: 1.0345 | P9: 1.1154 | Q9: 0.9247 | R9: 1 | S9: 1.1466 | T9: 0.8923 | U9: 1.3858 | V9: 1.2784 | W9: 1.5921 | X9: 1.7031 | Y9: 1.9255 | Z9: 2.0714 | AA9: 1.9415 | AB9: 2.0385 | AC9: 2.1541 | AD9: ..
A10: Carbon dioxide (CO2) emissions from Agriculture (Mt CO2e) | B10: EN.GHG.CO2.AG.MT.CE.AR5 | C10: Armenia | D10: ARM | E10: 0.022 | F10: 0.0157 | G10: 0.0138 | H10: 0.0047 | I10: 0.0497 | J10: 0.0446 | K10: 0 | L10: 0.0226 | M10: 0.0113 | N10: 0.014 | O10: 0.011 | P10: 0.011 | Q10: 0.0189 | R10: 0.0328 | S10: 0.0352 | T10: 0.0339 | U10: 0.0394 | V10: 0.0525 | W10: 0.0511 | X10: 0.061 | Y10: 0.0558 | Z10: 0.0446 | AA10: 0.0418 | AB10: 0.042 | AC10: 0.0422 | AD10: ..
A11: Carbon dioxide (CO2) emissions from Agriculture (Mt CO2e) | B11: EN.GHG.CO2.AG.MT.CE.AR5 | C11: Aruba | D11: ABW | E11: .. | F11: .. | G11: .. | H11: .. | I11: .. | J11: .. | K11: .. | L11: .. | M11: .. | N11: .. | O11: .. | P11: .. | Q11: .. | R11: .. | S11: .. | T11: .. | U11: .. | V11: .. | W11: .. | X11: .. | Y11: .. | Z11: .. | AA11: .. | AB11: .. | AC11: .. | AD11: ..
A12: Carbon dioxide (CO2) emissions from Agriculture (Mt CO2e) | B12: EN.GHG.CO2.AG.MT.CE.AR5 | C12: Australia | D12: AUS | E12: 1.253 | F12: 1.3771 | G12: 1.6824 | H12: 1.5745 | I12: 1.7662 | J12: 1.6164 | K12: 1.5009 | L12: 1.4408 | M12: 1.4447 | N12: 1.4902 | O12: 1.6956 | P12: 1.8323 | Q12: 1.8509 | R12: 2.1693 | S12: 2.3129 | T12: 2.3249 | U12: 2.5426 | V12: 2.9498 | W12: 2.1307 | X12: 2.2756 | Y12: 2.6643 | Z12: 3.2539 | AA12: 2.8627 | AB12: 2.8103 | AC12: 2.7917 | AD12: ..
A13: Carbon dioxide (CO2) emissions from Agriculture (Mt CO2e) | B13: EN.GHG.CO2.AG.MT.CE.AR5 | C13: Austria | D13: AUT | E13: 0.012 | F13: 0.012 | G13: 0.012 | H13: 0.0162 | I13: 0.0225 | J13: 0.0144 | K13: 0.0353 | L13: 0.054 | M13: 0.033 | N13: 0.0409 | O13: 0.0314 | P13: 0.0278 | Q13: 0.0419 | R13: 0.0603 | S13: 0.0629 | T13: 0.0811 | U13: 0.0715 | V13: 0.0664 | W13: 0.0541 | X13: 0.0529 | Y13: 0.0502 | Z13: 0.0399 | AA13: 0.0409 | AB13: 0.0419 | AC13: 0.0431 | AD13: ..
A14: Carbon dioxide (CO2) emissions from Agriculture (Mt CO2e) | B14: EN.GHG.CO2.AG.MT.CE.AR5 | C14: Azerbaijan | D14: AZE | E14: 0.0066 | F14: 0.031 | G14: 0.052 | H14: 0.1084 | I14: 0.0581 | J14: 0.049 | K14: 0.0669 | L14: 0.0559 | M14: 0.0974 | N14: 0.0612 | O14: 0.0514 | P14: 0.0739 | Q14: 0.0623 | R14: 0.0588 | S14: 0.1051 | T14: 0.1031 | U14: 0.0959 | V14: 0.1323 | W14: 0.1626 | X14: 0.2413 | Y14: 0.2612 | Z14: 0.1326 | AA14: 0.1657 | AB14: 0.1895 | AC14: 0.2177 | AD14: ..
A15: Carbon dioxide (CO2) emissions from Agriculture (Mt CO2e) | B15: EN.GHG.CO2.AG.MT.CE.AR5 | C15: Bahamas, The | D15: BHS | E15: .. | F15: .. | G15: .. | H15: .. | I15: .. | J15: .. | K15: .. | L15: .. | M15: .. | N15: .. | O15: .. | P15: .. | Q15: .. | R15: .. | S15: .. | T15: .. | U15: .. | V15: .. | W15: .. | X15: .. | Y15: .. | Z15: .. | AA15: .. | AB15: .. | AC15: .. | AD15: ..
A16: Carbon dioxide (CO2) emissions from Agriculture (Mt CO2e) | B16: EN.GHG.CO2.AG.MT.CE.AR5 | C16: Bahrain | D16: BHR | E16: .. | F16: .. | G16: .. | H16: .. | I16: .. | J16: .. | K16: .. | L16: .. | M16: .. | N16: .. | O16: .. | P16: .. | Q16: .. | R16: .. | S16: .. | T16: .. | U16: .. | V16: .. | W16: .. | X16: .. | Y16: .. | Z16: .. | AA16: .. | AB16: .. | AC16: .. | AD16: ..
A17: Carbon dioxide (CO2) emissions from Agriculture (Mt CO2e) | B17: EN.GHG.CO2.AG.MT.CE.AR5 | C17: Bangladesh | D17: BGD | E17: 1.5842 | F17: 1.6987 | G17: 1.6703 | H17: 1.7308 | I17: 1.8729 | J17: 1.8464 | K17: 1.8575 | L17: 2.0326 | M17: 1.8533 | N17: 1.8255 | O17: 1.9763 | P17: 1.8083 | Q17: 1.791 | R17: 1.8303 | S17: 2.1339 | T17: 2.0547 | U17: 1.967 | V17: 2.0311 | W17: 2.1479 | X17: 2.1905 | Y17: 2.3225 | Z17: 2.5674 | AA17: 2.3972 | AB17: 2.4704 | AC17: 2.551 | AD17: ..
A18: Carbon dioxide (CO2) emissions from Agriculture (Mt CO2e) | B18: EN.GHG.CO2.AG.MT.CE.AR5 | C18: Barbados | D18: BRB | E18: .. | F18: .. | G18: .. | H18: .. | I18: .. | J18: .. | K18: .. | L18: .. | M18: .. | N18: .. | O18: .. | P18: .. | Q18: .. | R18: .. | S18: .. | T18: .. | U18: .. | V18: .. | W18: .. | X18: .. | Y18: .. | Z18: .. | AA18: .. | AB18: .. | AC18: .. | AD18: ..
A19: Carbon dioxide (CO2) emissions from Agriculture (Mt CO2e) | B19: EN.GHG.CO2.AG.MT.CE.AR5 | C19: Belarus | D19: BLR | E19: 0 | F19: 0 | G19: 0 | H19: 0 | I19: 0 | J19: 0 | K19: 0 | L19: 0 | M19: 0.9086 | N19: 0.9591 | O19: 0.9209 | P19: 0.7904 | Q19: 0.6982 | R19: 0.6998 | S19: 0.6694 | T19: 0.5535 | U19: 0.3866 | V19: 0.5474 | W19: 0.6165 | X19: 0.5371 | Y19: 0.5486 | Z19: 0.4772 | AA19: 0.5974 | AB19: 0.6327 | AC19: 0.671 | AD19: ..
A20: Carbon dioxide (CO2) emissions from Agriculture (Mt CO2e) | B20: EN.GHG.CO2.AG.MT.CE.AR5 | C20: Belgium | D20: BEL | E20: 0.0435 | F20: 0.0477 | G20: 0.054 | H20: 0.0587 | I20: 0.054 | J20: 0.054 | K20: 0.054 | L20: 0.0665 | M20: 0.0477 | N20: 0.0602 | O20: 0.045 | P20: 0.045 | Q20: 0.045 | R20: 0.0466 | S20: 0.0466 | T20: 0.0403 | U20: 0.0403 | V20: 0.0403 | W20: 0.0403 | X20: 0.0403 | Y20: 0.0403 | Z20: 0.0367 | AA20: 0.0296 | AB20: 0.0268 | AC20: 0.0253 | AD20: ..
A21: Carbon dioxide (CO2) emissions from Agriculture (Mt CO2e) | B21: EN.GHG.CO2.AG.MT.CE.AR5 | C21: Belize | D21: BLZ | E21: .. | F21: .. | G21: .. | H21: .. | I21: .. | J21: .. | K21: .. | L21: .. | M21: .. | N21: .. | O21: .. | P21: .. | Q21: .. | R21: .. | S21: .. | T21: .. | U21: .. | V21: .. | W21: .. | X21: .. | Y21: .. | Z21: .. | AA21: .. | AB21: .. | AC21: .. | AD21: ..
A22: Carbon dioxide (CO2) emissions from Agriculture (Mt CO2e) | B22: EN.GHG.CO2.AG.MT.CE.AR5 | C22: Benin | D22: BEN | E22: .. | F22: .. | G22: .. | H22: .. | I22: .. | J22: .. | K22: .. | L22: .. | M22: .. | N22: .. | O22: .. | P22: .. | Q22: .. | R22: .. | S22: .. | T22: .. | U22: .. | V22: .. | W22: .. | X22: .. | Y22: .. | Z22: .. | AA22: .. | AB22: .. | AC22: .. | AD22: ..
A23: Carbon dioxide (CO2) emissions from Agriculture (Mt CO2e) | B23: EN.GHG.CO2.AG.MT.CE.AR5 | C23: Bermuda | D23: BMU | E23: .. | F23: .. | G23: .. | H23: .. | I23: .. | J23: .. | K23: .. | L23: .. | M23: .. | N23: .. | O23: .. | P23: .. | Q23: .. | R23: .. | S23: .. | T23: .. | U23: .. | V23: .. | W23: .. | X23: .. | Y23: .. | Z23: .. | AA23: .. | AB23: .. | AC23: .. | AD23: ..
A24: Carbon dioxide (CO2) emissions from Agriculture (Mt CO2e) | B24: EN.GHG.CO2.AG.MT.CE.AR5 | C24: Bhutan | D24: BTN | E24: .. | F24: .. | G24: .. | H24: .. | I24: .. | J24: .. | K24: .. | L24: .. | M24: .. | N24: .. | O24: .. | P24: .. | Q24: .. | R24: .. | S24: .. | T24: .. | U24: .. | V24: .. | W24: .. | X24: .. | Y24: .. | Z24: .. | AA24: .. | AB24: .. | AC24: .. | AD24: ..
A25: Carbon dioxide (CO2) emissions from Agriculture (Mt CO2e) | B25: EN.GHG.CO2.AG.MT.CE.AR5 | C25: Bolivia | D25: BOL | E25: .. | F25: .. | G25: .. | H25: .. | I25: .. | J25: .. | K25: .. | L25: .. | M25: .. | N25: .. | O25: .. | P25: .. | Q25: .. | R25: .. | S25: .. | T25: .. | U25: .. | V25: .. | W25: .. | X25: .. | Y25: .. | Z25: .. | AA25: .. | AB25: .. | AC25: .. | AD25: ..
A26: Carbon dioxide (CO2) emissions from Agriculture (Mt CO2e) | B26: EN.GHG.CO2.AG.MT.CE.AR5 | C26: Bosnia and Herzegovina | D26: BIH | E26: 0.0217 | F26: 0.0104 | G26: 0.0132 | H26: 0.0294 | I26: 0.0209 | J26: 0.0269 | K26: 0.0171 | L26: 0.0217 | M26: 0.0082 | N26: 0.0104 | O26: 0.0132 | P26: 0.0214 | Q26: 0.0189 | R26: 0.0195 | S26: 0.0123 | T26: 0.0185 | U26: 0.0261 | V26: 0.0294 | W26: 0.0253 | X26: 0.0186 | Y26: 0.0226 | Z26: 0.0079 | AA26: 0.0146 | AB26: 0.0123 | AC26: 0.0107 | AD26: ..
A27: Carbon dioxide (CO2) emissions from Agriculture (Mt CO2e) | B27: EN.GHG.CO2.AG.MT.CE.AR5 | C27: Botswana | D27: BWA | E27: .. | F27: .. | G27: .. | H27: .. | I27: .. | J27: .. | K27: .. | L27: .. | M27: .. | N27: .. | O27: .. | P27: .. | Q27: .. | R27: .. | S27: .. | T27: .. | U27: .. | V27: .. | W27: .. | X27: .. | Y27: .. | Z27: .. | AA27: .. | AB27: .. | AC27: .. | AD27: ..
A28: Carbon dioxide (CO2) emissions from Agriculture (Mt CO2e) | B28: EN.GHG.CO2.AG.MT.CE.AR5 | C28: Brazil | D28: BRA | E28: 5.3531 | F28: 4.6632 | G28: 4.8024 | H28: 6.1552 | I28: 5.5717 | J28: 5.0883 | K28: 5.5211 | L28: 7.1531 | M28: 6.3065 | N28: 6.28 | O28: 6.4277 | P28: 8.3606 | Q28: 7.9279 | R28: 8.4148 | S28: 8.5961 | T28: 7.98 | U28: 9.3097 | V28: 9.3658 | W28: 9.2282 | X28: 9.7931 | Y28: 11.523 | Z28: 12.832 | AA28: 12.8878 | AB28: 12.9431 | AC28: 13.1986 | AD28: ..
A29: Carbon dioxide (CO2) emissions from Agriculture (Mt CO2e) | B29: EN.GHG.CO2.AG.MT.CE.AR5 | C29: British Virgin Islands | D29: VGB | E29: .. | F29: .. | G29: .. | H29: .. | I29: .. | J29: .. | K29: .. | L29: .. | M29: .. | N29: .. | O29: .. | P29: .. | Q29: .. | R29: .. | S29: .. | T29: .. | U29: .. | V29: .. | W29: .. | X29: .. | Y29: .. | Z29: .. | AA29: .. | AB29: .. | AC29: .. | AD29: ..
A30: Carbon dioxide (CO2) emissions from Agriculture (Mt CO2e) | B30: EN.GHG.CO2.AG.MT.CE.AR5 | C30: Brunei Darussalam | D30: BRN | E30: .. | F30: .. | G30: .. | H30: .. | I30: .. | J30: .. | K30: .. | L30: .. | M30: .. | N30: .. | O30: .. | P30: .. | Q30: .. | R30: .. | S30: .. | T30: .. | U30: .. | V30: .. | W30: .. | X30: .. | Y30: .. | Z30: .. | AA30: .. | AB30: .. | AC30: .. | AD30: ..
A31: Carbon dioxide (CO2) emissions from Agriculture (Mt CO2e) | B31: EN.GHG.CO2.AG.MT.CE.AR5 | C31: Bulgaria | D31: BGR | E31: 0.4075 | F31: 0.4149 | G31: 0.3658 | H31: 0.3724 | I31: 0.3819 | J31: 0.385 | K31: 0.3803 | L31: 0.3881 | M31: 0.3174 | N31: 0.4463 | O31: 0.5217 | P31: 0.5374 | Q31: 0.6933 | R31: 0.6024 | S31: 0.8721 | T31: 0.6977 | U31: 0.9097 | V31: 0.8438 | W31: 0.7574 | X31: 0.8432 | Y31: 0.8721 | Z31: 0.8457 | AA31: 0.8465 | AB31: 0.7933 | AC31: 0.789 | AD31: ..
A32: Carbon dioxide (CO2) emissions from Agriculture (Mt CO2e) | B32: EN.GHG.CO2.AG.MT.CE.AR5 | C32: Burkina Faso | D32: BFA | E32: .. | F32: .. | G32: .. | H32: .. | I32: .. | J32: .. | K32: .. | L32: .. | M32: .. | N32: .. | O32: .. | P32: .. | Q32: .. | R32: .. | S32: .. | T32: .. | U32: .. | V32: .. | W32: .. | X32: .. | Y32: .. | Z32: .. | AA32: .. | AB32: .. | AC32: .. | AD32: ..
A33: Carbon dioxide (CO2) emissions from Agriculture (Mt CO2e) | B33: EN.GHG.CO2.AG.MT.CE.AR5 | C33: Burundi | D33: BDI | E33: .. | F33: .. | G33: .. | H33: .. | I33: .. | J33: .. | K33: .. | L33: .. | M33: .. | N33: .. | O33: .. | P33: .. | Q33: .. | R33: .. | S33: .. | T33: .. | U33: .. | V33: .. | W33: .. | X33: .. | Y33: .. | Z33: .. | AA33: .. | AB33: .. | AC33: .. | AD33: ..
A34: Carbon dioxide (CO2) emissions from Agriculture (Mt CO2e) | B34: EN.GHG.CO2.AG.MT.CE.AR5 | C34: Cabo Verde | D34: CPV | E34: .. | F34: .. | G34: .. | H34: .. | I34: .. | J34: .. | K34: .. | L34: .. | M34: .. | N34: .. | O34: .. | P34: .. | Q34: .. | R34: .. | S34: .. | T34: .. | U34: .. | V34: .. | W34: .. | X34: .. | Y34: .. | Z34: .. | AA34: .. | AB34: .. | AC34: .. | AD34: ..
A35: Carbon dioxide (CO2) emissions from Agriculture (Mt CO2e) | B35: EN.GHG.CO2.AG.MT.CE.AR5 | C35: Cambodia | D35: KHM | E35: .. | F35: .. | G35: .. | H35: .. | I35: .. | J35: .. | K35: .. | L35: .. | M35: .. | N35: .. | O35: .. | P35: .. | Q35: .. | R35: .. | S35: .. | T35: .. | U35: .. | V35: .. | W35: .. | X35: .. | Y35: .. | Z35: .. | AA35: .. | AB35: .. | AC35: .. | AD35: ..
A36: Carbon dioxide (CO2) emissions from Agriculture (Mt CO2e) | B36: EN.GHG.CO2.AG.MT.CE.AR5 | C36: Cameroon | D36: CMR | E36: 0.0288 | F36: 0.0545 | G36: 0.0325 | H36: 0.022 | I36: 0.0542 | J36: 0.0378 | K36: 0.0295 | L36: 0.0402 | M36: 0.0242 | N36: 0.0493 | O36: 0.0501 | P36: 0.0498 | Q36: 0.0489 | R36: 0.0556 | S36: 0.061 | T36: 0.0798 | U36: 0.0676 | V36: 0.0832 | W36: 0.0649 | X36: 0.0981 | Y36: 0.0816 | Z36: 0.0678 | AA36: 0.1026 | AB36: 0.1065 | AC36: 0.1106 | AD36: ..
A37: Carbon dioxide (CO2) emissions from Agriculture (Mt CO2e) | B37: EN.GHG.CO2.AG.MT.CE.AR5 | C37: Canada | D37: CAN | E37: 2.0798 | F37: 2.1065 | G37: 2.2432 | H37: 2.209 | I37: 2.0848 | J37: 1.9698 | K37: 2.4795 | L37: 2.4319 | M37: 2.3442 | N37: 2.4911 | O37: 2.7663 | P37: 3.1803 | Q37: 3.3202 | R37: 3.3174 | S37: 3.4866 | T37: 3.5877 | U37: 3.4063 | V37: 3.6552 | W37: 3.7685 | X37: 4.0945 | Y37: 4.1271 | Z37: 3.7412 | AA37: 3.9321 | AB37: 4.8456 | AC37: 4.887 | AD37: ..
A38: Carbon dioxide (CO2) emissions from Agriculture (Mt CO2e) | B38: EN.GHG.CO2.AG.MT.CE.AR5 | C38: Cayman Islands | D38: CYM | E38: .. | F38: .. | G38: .. | H38: .. | I38: .. | J38: .. | K38: .. | L38: .. | M38: .. | N38: .. | O38: .. | P38: .. | Q38: .. | R38: .. | S38: .. | T38: .. | U38: .. | V38: .. | W38: .. | X38: .. | Y38: .. | Z38: .. | AA38: .. | AB38: .. | AC38: .. | AD38: ..
A39: Carbon dioxide (CO2) emissions from Agriculture (Mt CO2e) | B39: EN.GHG.CO2.AG.MT.CE.AR5 | C39: Central African Republic | D39: CAF | E39: .. | F39: .. | G39: .. | H39: .. | I39: .. | J39: .. | K39: .. | L39: .. | M39: .. | N39: .. | O39: .. | P39: .. | Q39: .. | R39: .. | S39: .. | T39: .. | U39: .. | V39: .. | W39: .. | X39: .. | Y39: .. | Z39: .. | AA39: .. | AB39: .. | AC39: .. | AD39: ..
A40: Carbon dioxide (CO2) emissions from Agriculture (Mt CO2e) | B40: EN.GHG.CO2.AG.MT.CE.AR5 | C40: Chad | D40: TCD | E40: .. | F40: .. | G40: .. | H40: .. | I40: .. | J40: .. | K40: .. | L40: .. | M40: .. | N40: .. | O40: .. | P40: .. | Q40: .. | R40: .. | S40: .. | T40: .. | U40: .. | V40: .. | W40: .. | X40: .. | Y40: .. | Z40: .. | AA40: .. | AB40: .. | AC40: .. | AD40: ..
A41: Carbon dioxide (CO2) emissions from Agriculture (Mt CO2e) | B41: EN.GHG.CO2.AG.MT.CE.AR5 | C41: Channel Islands | D41: CHI | E41: .. | F41: .. | G41: .. | H41: .. | I41: .. | J41: .. | K41: .. | L41: .. | M41: .. | N41: .. | O41: .. | P41: .. | Q41: .. | R41: .. | S41: .. | T41: .. | U41: .. | V41: .. | W41: .. | X41: .. | Y41: .. | Z41: .. | AA41: .. | AB41: .. | AC41: .. | AD41: ..
A42: Carbon dioxide (CO2) emissions from Agriculture (Mt CO2e) | B42: EN.GHG.CO2.AG.MT.CE.AR5 | C42: Chile | D42: CHL | E42: 0.3159 | F42: 0.3254 | G42: 0.3321 | H42: 0.3919 | I42: 0.3952 | J42: 0.3667 | K42: 0.3656 | L42: 0.3867 | M42: 0.3787 | N42: 0.3661 | O42: 0.2911 | P42: 0.2923 | Q42: 0.2971 | R42: 0.2976 | S42: 0.3009 | T42: 0.2974 | U42: 0.2901 | V42: 0.2916 | W42: 0.3326 | X42: 0.3352 | Y42: 0.3466 | Z42: 0.3692 | AA42: 0.2777 | AB42: 0.2843 | AC42: 0.291 | AD42: ..
A43: Carbon dioxide (CO2) emissions from Agriculture (Mt CO2e) | B43: EN.GHG.CO2.AG.MT.CE.AR5 | C43: China | D43: CHN | E43: 24.1277 | F43: 24.6966 | G43: 31.1269 | H43: 29.2422 | I43: 29.9781 | J43: 21.1181 | K43: 23.5031 | L43: 21.4833 | M43: 20.4613 | N43: 24.6089 | O43: 21.3701 | P43: 24.6059 | Q43: 25.3131 | R43: 26.51 | S43: 22.5878 | T43: 24.6508 | U43: 18.2058 | V43: 15.1617 | W43: 15.3779 | X43: 17.1319 | Y43: 16.2812 | Z43: 15.9153 | AA43: 16.3139 | AB43: 16.6374 | AC43: 16.9691 | AD43: ..
A44: Carbon dioxide (CO2) emissions from Agriculture (Mt CO2e) | B44: EN.GHG.CO2.AG.MT.CE.AR5 | C44: Colombia | D44: COL | E44: 0.4551 | F44: 0.4267 | G44: 0.43 | H44: 0.4011 | I44: 0.4709 | J44: 0.483 | K44: 0.4583 | L44: 0.4944 | M44: 0.3591 | N44: 0.4909 | O44: 0.4504 | P44: 0.5483 | Q44: 0.4862 | R44: 0.5278 | S44: 0.5519 | T44: 0.8469 | U44: 0.7219 | V44: 0.6793 | W44: 0.5936 | X44: 0.5301 | Y44: 0.6579 | Z44: 0.7626 | AA44: 0.5134 | AB44: 0.4882 | AC44: 0.4654 | AD44: ..
A45: Carbon dioxide (CO2) emissions from Agriculture (Mt CO2e) | B45: EN.GHG.CO2.AG.MT.CE.AR5 | C45: Comoros | D45: COM | E45: .. | F45: .. | G45: .. | H45: .. | I45: .. | J45: .. | K45: .. | L45: .. | M45: .. | N45: .. | O45: .. | P45: .. | Q45: .. | R45: .. | S45: .. | T45: .. | U45: .. | V45: .. | W45: .. | X45: .. | Y45: .. | Z45: .. | AA45: .. | AB45: .. | AC45: .. | AD45: ..
A46: Carbon dioxide (CO2) emissions from Agriculture (Mt CO2e) | B46: EN.GHG.CO2.AG.MT.CE.AR5 | C46: Congo, Dem. Rep. | D46: COD | E46: .. | F46: .. | G46: .. | H46: .. | I46: .. | J46: .. | K46: .. | L46: .. | M46: .. | N46: .. | O46: .. | P46: .. | Q46: .. | R46: .. | S46: .. | T46: .. | U46: .. | V46: .. | W46: .. | X46: .. | Y46: .. | Z46: .. | AA46: .. | AB46: .. | AC46: .. | AD46: ..
A47: Carbon dioxide (CO2) emissions from Agriculture (Mt CO2e) | B47: EN.GHG.CO2.AG.MT.CE.AR5 | C47: Congo, Rep. | D47: COG | E47: .. | F47: .. | G47: .. | H47: .. | I47: .. | J47: .. | K47: .. | L47: .. | M47: .. | N47: .. | O47: .. | P47: .. | Q47: .. | R47: .. | S47: .. | T47: .. | U47: .. | V47: .. | W47: .. | X47: .. | Y47: .. | Z47: .. | AA47: .. | AB47: .. | AC47: .. | AD47: ..
A48: Carbon dioxide (CO2) emissions from Agriculture (Mt CO2e) | B48: EN.GHG.CO2.AG.MT.CE.AR5 | C48: Costa Rica | D48: CRI | E48: 0.1194 | F48: 0.0849 | G48: 0.0629 | H48: 0.0467 | I48: 0.0861 | J48: 0.1 | K48: 0.1205 | L48: 0.1079 | M48: 0.1223 | N48: 0.1179 | O48: 0.097 | P48: 0.2192 | Q48: 0.1506 | R48: 0.101 | S48: 0.1597 | T48: 0.1657 | U48: 0.1642 | V48: 0.1599 | W48: 0.2204 | X48: 0.1894 | Y48: 0.1569 | Z48: 0.144 | AA48: 0.1268 | AB48: 0.1301 | AC48: 0.1336 | AD48: ..
A49: Carbon dioxide (CO2) emissions from Agriculture (Mt CO2e) | B49: EN.GHG.CO2.AG.MT.CE.AR5 | C49: Cote d'Ivoire | D49: CIV | E49: 0.055 | F49: 0.0418 | G49: 0.0874 | H49: 0.0327 | I49: 0.0691 | J49: 0.0519 | K49: 0.0849 | L49: 0.0629 | M49: 0.0377 | N49: 0.066 | O49: 0.0703 | P49: 0.0552 | Q49: 0.0688 | R49: 0.0978 | S49: 0.1159 | T49: 0.0818 | U49: 0.0884 | V49: 0.0661 | W49: 0.0529 | X49: 0.1194 | Y49: 0.0828 | Z49: 0.1221 | AA49: 0.0739 | AB49: 0.0754 | AC49: 0.0773 | AD49: ..
A50: Carbon dioxide (CO2) emissions from Agriculture (Mt CO2e) | B50: EN.GHG.CO2.AG.MT.CE.AR5 | C50: Croatia | D50: HRV | E50: 0.0728 | F50: 0.058 | G50: 0.0839 | H50: 0.0822 | I50: 0.0791 | J50: 0.0896 | K50: 0.0974 | L50: 0.0976 | M50: 0.099 | N50: 0.0614 | O50: 0.0874 | P50: 0.0801 | Q50: 0.0943 | R50: 0.0927 | S50: 0.0786 | T50: 0.0959 | U50: 0.099 | V50: 0.0905 | W50: 0.0902 | X50: 0.0913 | Y50: 0.0984 | Z50: 0.0717 | AA50: 0.0355 | AB50: 0.0248 | AC50: 0.0179 | AD50: ..
A51: Carbon dioxide (CO2) emissions from Agriculture (Mt CO2e) | B51: EN.GHG.CO2.AG.MT.CE.AR5 | C51: Cuba | D51: CUB | E51: 0.2208 | F51: 0.0911 | G51: 0.0581 | H51: 0.0249 | I51: 0.027 | J51: 0.1242 | K51: 0.1719 | L51: 0.1395 | M51: 0.1051 | N51: 0.1091 | O51: 0.1085 | P51: 0.1252 | Q51: 0.127 | R51: 0.1317 | S51: 0.1647 | T51: 0.1436 | U51: 0.1068 | V51: 0.1145 | W51: 0.061 | X51: 0.0357 | Y51: 0.0324 | Z51: 0.0317 | AA51: 0.0123 | AB51: 0.0123 | AC51: 0.0123 | AD51: ..
A52: Carbon dioxide (CO2) emissions from Agriculture (Mt CO2e) | B52: EN.GHG.CO2.AG.MT.CE.AR5 | C52: Curacao | D52: CUW | E52: .. | F52: .. | G52: .. | H52: .. | I52: .. | J52: .. | K52: .. | L52: .. | M52: .. | N52: .. | O52: .. | P52: .. | Q52: .. | R52: .. | S52: .. | T52: .. | U52: .. | V52: .. | W52: .. | X52: .. | Y52: .. | Z52: .. | AA52: .. | AB52: .. | AC52: .. | AD52: ..
A53: Carbon dioxide (CO2) emissions from Agriculture (Mt CO2e) | B53: EN.GHG.CO2.AG.MT.CE.AR5 | C53: Cyprus | D53: CYP | E53: 0.0107 | F53: 0.0102 | G53: 0.0096 | H53: 0.0104 | I53: 0.0118 | J53: 0.0063 | K53: 0.0091 | L53: 0.0046 | M53: 0.0057 | N53: 0.0041 | O53: 0.0055 | P53: 0.0061 | Q53: 0.0068 | R53: 0.0031 | S53: 0.0055 | T53: 0.0041 | U53: 0.0046 | V53: 0.0036 | W53: 0.0058 | X53: 0.0039 | Y53: 0.0057 | Z53: 0.0035 | AA53: 0.0008 | AB53: 0.0006 | AC53: 0.0005 | AD53: ..
A54: Carbon dioxide (CO2) emissions from Agriculture (Mt CO2e) | B54: EN.GHG.CO2.AG.MT.CE.AR5 | C54: Czechia | D54: CZE | E54: 0.2886 | F54: 0.3008 | G54: 0.2721 | H54: 0.2454 | I54: 0.2762 | J54: 0.2331 | K54: 0.1907 | L54: 0.2212 | M54: 0.166 | N54: 0.1451 | O54: 0.243 | P54: 0.208 | Q54: 0.2022 | R54: 0.2918 | S54: 0.339 | T54: 0.2824 | U54: 0.2824 | V54: 0.2972 | W54: 0.198 | X54: 0.1641 | Y54: 0.1489 | Z54: 0.1713 | AA54: 0.1792 | AB54: 0.1709 | AC54: 0.1733 | AD54: ..
A55: Carbon dioxide (CO2) emissions from Agriculture (Mt CO2e) | B55: EN.GHG.CO2.AG.MT.CE.AR5 | C55: Denmark | D55: DNK | E55: 0.1283 | F55: 0.0948 | G55: 0.0697 | H55: 0.0822 | I55: 0.0681 | J55: 0.0681 | K55: 0.0586 | L55: 0.0564 | M55: 0.0519 | N55: 0.11 | O55: 0.0697 | P55: 0.0665 | Q55: 0.0602 | R55: 0.0508 | S55: 0.0595 | T55: 0.0718 | U55: 0.0563 | V55: 0.0756 | W55: 0.0737 | X55: 0.1092 | Y55: 0.1114 | Z55: 0.0508 | AA55: 0.0626 | AB55: 0.0596 | AC55: 0.0595 | AD55: ..
A56: Carbon dioxide (CO2) emissions from Agriculture (Mt CO2e) | B56: EN.GHG.CO2.AG.MT.CE.AR5 | C56: Djibouti | D56: DJI | E56: .. | F56: .. | G56: .. | H56: .. | I56: .. | J56: .. | K56: .. | L56: .. | M56: .. | N56: .. | O56: .. | P56: .. | Q56: .. | R56: .. | S56: .. | T56: .. | U56: .. | V56: .. | W56: .. | X56: .. | Y56: .. | Z56: .. | AA56: .. | AB56: .. | AC56: .. | AD56: ..
A57: Carbon dioxide (CO2) emissions from Agriculture (Mt CO2e) | B57: EN.GHG.CO2.AG.MT.CE.AR5 | C57: Dominica | D57: DMA | E57: .. | F57: .. | G57: .. | H57: .. | I57: .. | J57: .. | K57: .. | L57: .. | M57: .. | N57: .. | O57: .. | P57: .. | Q57: .. | R57: .. | S57: .. | T57: .. | U57: .. | V57: .. | W57: .. | X57: .. | Y57: .. | Z57: .. | AA57: .. | AB57: .. | AC57: .. | AD57: ..
A58: Carbon dioxide (CO2) emissions from Agriculture (Mt CO2e) | B58: EN.GHG.CO2.AG.MT.CE.AR5 | C58: Dominican Republic | D58: DOM | E58: 0.1334 | F58: 0.1848 | G58: 0.1754 | H58: 0.1506 | I58: 0.1691 | J58: 0.1307 | K58: 0.1847 | L58: 0.1071 | M58: 0.1418 | N58: 0.1889 | O58: 0.1877 | P58: 0.1439 | Q58: 0.1788 | R58: 0.1384 | S58: 0.1903 | T58: 0.1672 | U58: 0.1851 | V58: 0.1686 | W58: 0.189 | X58: 0.1836 | Y58: 0.2077 | Z58: 0.1804 | AA58: 0.2179 | AB58: 0.2269 | AC58: 0.2366 | AD58: ..
A59: Carbon dioxide (CO2) emissions from Agriculture (Mt CO2e) | B59: EN.GHG.CO2.AG.MT.CE.AR5 | C59: Ecuador | D59: ECU | E59: 0.1167 | F59: 0.1733 | G59: 0.2127 | H59: 0.2089 | I59: 0.2503 | J59: 0.0833 | K59: 0.1888 | L59: 0.2333 | M59: 0.2295 | N59: 0.1808 | O59: 0.1926 | P59: 0.2587 | Q59: 0.2739 | R59: 0.3083 | S59: 0.3555 | T59: 0.357 | U59: 0.5427 | V59: 0.3889 | W59: 0.4783 | X59: 0.4256 | Y59: 0.4768 | Z59: 0.5443 | AA59: 0.3537 | AB59: 0.3466 | AC59: 0.3399 | AD59: ..
A60: Carbon dioxide (CO2) emissions from Agriculture (Mt CO2e) | B60: EN.GHG.CO2.AG.MT.CE.AR5 | C60: Egypt | D60: EGY | E60: 2.6133 | F60: 2.7484 | G60: 2.6519 | H60: 2.5122 | I60: 3.0377 | J60: 2.9449 | K60: 2.6674 | L60: 2.4667 | M60: 2.4626 | N60: 2.6593 | O60: 2.5563 | P60: 2.5929 | Q60: 2.1206 | R60: 2.2492 | S60: 2.265 | T60: 2.4841 | U60: 2.7014 | V60: 2.7937 | W60: 2.9487 | X60: 2.737 | Y60: 2.8147 | Z60: 2.6264 | AA60: 2.5019 | AB60: 2.5188 | AC60: 2.5236 | AD60: ..
A61: Carbon dioxide (CO2) emissions from Agriculture (Mt CO2e) | B61: EN.GHG.CO2.AG.MT.CE.AR5 | C61: El Salvador | D61: SLV | E61: 0.1842 | F61: 0.1898 | G61: 0.1437 | H61: 0.0921 | I61: 0.1708 | J61: 0.2078 | K61: 0.1495 | L61: 0.1512 | M61: 0.1891 | N61: 0.2316 | O61: 0.1864 | P61: 0.2273 | Q61: 0.2174 | R61: 0.153 | S61: 0.1925 | T61: 0.2381 | U61: 0.1769 | V61: 0.2627 | W61: 0.2399 | X61: 0.1813 | Y61: 0.2719 | Z61: 0.1865 | AA61: 0.195 | AB61: 0.1815 | AC61: 0.1689 | AD61: ..
A62: Carbon dioxide (CO2) emissions from Agriculture (Mt CO2e) | B62: EN.GHG.CO2.AG.MT.CE.AR5 | C62: Equatorial Guinea | D62: GNQ | E62: .. | F62: .. | G62: .. | H62: .. | I62: .. | J62: .. | K62: .. | L62: .. | M62: .. | N62: .. | O62: .. | P62: .. | Q62: .. | R62: .. | S62: .. | T62: .. | U62: .. | V62: .. | W62: .. | X62: .. | Y62: .. | Z62: .. | AA62: .. | AB62: .. | AC62: .. | AD62: ..
A63: Carbon dioxide (CO2) emissions from Agriculture (Mt CO2e) | B63: EN.GHG.CO2.AG.MT.CE.AR5 | C63: Eritrea | D63: ERI | E63: .. | F63: .. | G63: .. | H63: .. | I63: .. | J63: .. | K63: .. | L63: .. | M63: .. | N63: .. | O63: .. | P63: .. | Q63: .. | R63: .. | S63: .. | T63: .. | U63: .. | V63: .. | W63: .. | X63: .. | Y63: .. | Z63: .. | AA63: .. | AB63: .. | AC63: .. | AD63: ..
A64: Carbon dioxide (CO2) emissions from Agriculture (Mt CO2e) | B64: EN.GHG.CO2.AG.MT.CE.AR5 | C64: Estonia | D64: EST | E64: 0.0514 | F64: 0.0581 | G64: 0.0595 | H64: 0.0526 | I64: 0.0564 | J64: 0.0526 | K64: 0.0318 | L64: 0.0278 | M64: 0.0639 | N64: 0.0794 | O64: 0.0586 | P64: 0.0606 | Q64: 0.0599 | R64: 0.0691 | S64: 0.0754 | T64: 0.0943 | U64: 0.0817 | V64: 0.0817 | W64: 0.0857 | X64: 0.0854 | Y64: 0.0864 | Z64: 0.071 | AA64: 0.0642 | AB64: 0.0642 | AC64: 0.0642 | AD64: ..
A65: Carbon dioxide (CO2) emissions from Agriculture (Mt CO2e) | B65: EN.GHG.CO2.AG.MT.CE.AR5 | C65: Eswatini | D65: SWZ | E65: .. | F65: .. | G65: .. | H65: .. | I65: .. | J65: .. | K65: .. | L65: .. | M65: .. | N65: .. | O65: .. | P65: .. | Q65: .. | R65: .. | S65: .. | T65: .. | U65: .. | V65: .. | W65: .. | X65: .. | Y65: .. | Z65: .. | AA65: .. | AB65: .. | AC65: .. | AD65: ..
A66: Carbon dioxide (CO2) emissions from Agriculture (Mt CO2e) | B66: EN.GHG.CO2.AG.MT.CE.AR5 | C66: Ethiopia | D66: ETH | E66: 0.1368 | F66: 0.1943 | G66: 0.154 | H66: 0.032 | I66: 0.1755 | J66: 0.188 | K66: 0.1713 | L66: 0.1729 | M66: 0.1608 | N66: 0.1807 | O66: 0.1886 | P66: 0.2305 | Q66: 0.3248 | R66: 0.2807 | S66: 0.3398 | T66: 0.485 | U66: 0.4648 | V66: 0.3356 | W66: 0.3518 | X66: 0.3372 | Y66: 0.4061 | Z66: 0.263 | AA66: 0.4532 | AB66: 0.4773 | AC66: 0.5027 | AD66: ..
A67: Carbon dioxide (CO2) emissions from Agriculture (Mt CO2e) | B67: EN.GHG.CO2.AG.MT.CE.AR5 | C67: Faroe Islands | D67: FRO | E67: .. | F67: .. | G67: .. | H67: .. | I67: .. | J67: .. | K67: .. | L67: .. | M67: .. | N67: .. | O67: .. | P67: .. | Q67: .. | R67: .. | S67: .. | T67: .. | U67: .. | V67: .. | W67: .. | X67: .. | Y67: .. | Z67: .. | AA67: .. | AB67: .. | AC67: .. | AD67: ..
A68: Carbon dioxide (CO2) emissions from Agriculture (Mt CO2e) | B68: EN.GHG.CO2.AG.MT.CE.AR5 | C68: Fiji | D68: FJI | E68: .. | F68: .. | G68: .. | H68: .. | I68: .. | J68: .. | K68: .. | L68: .. | M68: .. | N68: .. | O68: .. | P68: .. | Q68: .. | R68: .. | S68: .. | T68: .. | U68: .. | V68: .. | W68: .. | X68: .. | Y68: .. | Z68: .. | AA68: .. | AB68: .. | AC68: .. | AD68: ..
A69: Carbon dioxide (CO2) emissions from Agriculture (Mt CO2e) | B69: EN.GHG.CO2.AG.MT.CE.AR5 | C69: Finland | D69: FIN | E69: 0.0016 | F69: 0.0016 | G69: 0.0016 | H69: 0.0016 | I69: 0.0016 | J69: 0.0016 | K69: 0.0031 | L69: 0.0031 | M69: 0 | N69: 0.0016 | O69: 0.0031 | P69: 0 | Q69: 0 | R69: 0 | S69: 0 | T69: 0 | U69: 0 | V69: 0 | W69: 0 | X69: 0 | Y69: 0 | Z69: 0 | AA69: 0 | AB69: 0 | AC69: 0 | AD69: ..
A70: Carbon dioxide (CO2) emissions from Agriculture (Mt CO2e) | B70: EN.GHG.CO2.AG.MT.CE.AR5 | C70: France | D70: FRA | E70: 3.6665 | F70: 3.8549 | G70: 3.7583 | H70: 3.7924 | I70: 3.8014 | J70: 2.9853 | K70: 2.8081 | L70: 3.0596 | M70: 2.6953 | N70: 2.747 | O70: 2.761 | P70: 2.4006 | Q70: 2.7471 | R70: 2.6399 | S70: 2.5766 | T70: 2.7207 | U70: 2.7342 | V70: 2.6147 | W70: 2.4917 | X70: 2.5128 | Y70: 1.9242 | Z70: 2.038 | AA70: 1.9056 | AB70: 1.9311 | AC70: 1.9573 | AD70: ..
A71: Carbon dioxide (CO2) emissions from Agriculture (Mt CO2e) | B71: EN.GHG.CO2.AG.MT.CE.AR5 | C71: French Polynesia | D71: PYF | E71: .. | F71: .. | G71: .. | H71: .. | I71: .. | J71: .. | K71: .. | L71: .. | M71: .. | N71: .. | O71: .. | P71: .. | Q71: .. | R71: .. | S71: .. | T71: .. | U71: .. | V71: .. | W71: .. | X71: .. | Y71: .. | Z71: .. | AA71: .. | AB71: .. | AC71: .. | AD71: ..
A72: Carbon dioxide (CO2) emissions from Agriculture (Mt CO2e) | B72: EN.GHG.CO2.AG.MT.CE.AR5 | C72: Gabon | D72: GAB | E72: .. | F72: .. | G72: .. | H72: .. | I72: .. | J72: .. | K72: .. | L72: .. | M72: .. | N72: .. | O72: .. | P72: .. | Q72: .. | R72: .. | S72: .. | T72: .. | U72: .. | V72: .. | W72: .. | X72: .. | Y72: .. | Z72: .. | AA72: .. | AB72: .. | AC72: .. | AD72: ..
A73: Carbon dioxide (CO2) emissions from Agriculture (Mt CO2e) | B73: EN.GHG.CO2.AG.MT.CE.AR5 | C73: Gambia, The | D73: GMB | E73: .. | F73: .. | G73: .. | H73: .. | I73: .. | J73: .. | K73: .. | L73: .. | M73: .. | N73: .. | O73: .. | P73: .. | Q73: .. | R73: .. | S73: .. | T73: .. | U73: .. | V73: .. | W73: .. | X73: .. | Y73: .. | Z73: .. | AA73: .. | AB73: .. | AC73: .. | AD73: ..
A74: Carbon dioxide (CO2) emissions from Agriculture (Mt CO2e) | B74: EN.GHG.CO2.AG.MT.CE.AR5 | C74: Georgia | D74: GEO | E74: 0 | F74: 0 | G74: 0 | H74: 0 | I74: 0 | J74: 0 | K74: 0 | L74: 0 | M74: 0 | N74: 0.0999 | O74: 0.0786 | P74: 0.0849 | Q74: 0.0999 | R74: 0.0691 | S74: 0.0769 | T74: 0.0564 | U74: 0.0577 | V74: 0.0648 | W74: 0.0719 | X74: 0.0725 | Y74: 0.103 | Z74: 0.0841 | AA74: 0.0864 | AB74: 0.0874 | AC74: 0.0885 | AD74: ..
A75: Carbon dioxide (CO2) emissions from Agriculture (Mt CO2e) | B75: EN.GHG.CO2.AG.MT.CE.AR5 | C75: Germany | D75: DEU | E75: 0.4589 | F75: 0.4447 | G75: 0.4479 | H75: 0.484 | I75: 1.2427 | J75: 1.2851 | K75: 0.8288 | L75: 0.874 | M75: 1.0092 | N75: 0.8329 | O75: 1.0643 | P75: 1.08 | Q75: 1.0599 | R75: 1.104 | S75: 1.1969 | T75: 1.2637 | U75: 1.192 | V75: 1.2335 | W75: 0.8856 | X75: 0.8402 | Y75: 0.7343 | Z75: 0.6312 | AA75: 0.6808 | AB75: 0.6511 | AC75: 0.6217 | AD75: ..
A76: Carbon dioxide (CO2) emissions from Agriculture (Mt CO2e) | B76: EN.GHG.CO2.AG.MT.CE.AR5 | C76: Ghana | D76: GHA | E76: .. | F76: .. | G76: .. | H76: .. | I76: .. | J76: .. | K76: .. | L76: .. | M76: .. | N76: .. | O76: .. | P76: .. | Q76: .. | R76: .. | S76: .. | T76: .. | U76: .. | V76: .. | W76: .. | X76: .. | Y76: .. | Z76: .. | AA76: .. | AB76: .. | AC76: .. | AD76: ..
A77: Carbon dioxide (CO2) emissions from Agriculture (Mt CO2e) | B77: EN.GHG.CO2.AG.MT.CE.AR5 | C77: Gibraltar | D77: GIB | E77: .. | F77: .. | G77: .. | H77: .. | I77: .. | J77: .. | K77: .. | L77: .. | M77: .. | N77: .. | O77: .. | P77: .. | Q77: .. | R77: .. | S77: .. | T77: .. | U77: .. | V77: .. | W77: .. | X77: .. | Y77: .. | Z77: .. | AA77: .. | AB77: .. | AC77: .. | AD77: ..
A78: Carbon dioxide (CO2) emissions from Agriculture (Mt CO2e) | B78: EN.GHG.CO2.AG.MT.CE.AR5 | C78: Greece | D78: GRC | E78: 0.3719 | F78: 0.3394 | G78: 0.33 | H78: 0.3331 | I78: 0.2986 | J78: 0.2986 | K78: 0.253 | L78: 0.242 | M78: 0.1446 | N78: 0.1933 | O78: 0.242 | P78: 0.2017 | Q78: 0.1938 | R78: 0.1773 | S78: 0.1966 | T78: 0.2015 | U78: 0.2056 | V78: 0.2111 | W78: 0.1875 | X78: 0.1919 | Y78: 0.1935 | Z78: 0.148 | AA78: 0.1703 | AB78: 0.168 | AC78: 0.169 | AD78: ..
A79: Carbon dioxide (CO2) emissions from Agriculture (Mt CO2e) | B79: EN.GHG.CO2.AG.MT.CE.AR5 | C79: Greenland | D79: GRL | E79: .. | F79: .. | G79: .. | H79: .. | I79: .. | J79: .. | K79: .. | L79: .. | M79: .. | N79: .. | O79: .. | P79: .. | Q79: .. | R79: .. | S79: .. | T79: .. | U79: .. | V79: .. | W79: .. | X79: .. | Y79: .. | Z79: .. | AA79: .. | AB79: .. | AC79: .. | AD79: ..
A80: Carbon dioxide (CO2) emissions from Agriculture (Mt CO2e) | B80: EN.GHG.CO2.AG.MT.CE.AR5 | C80: Grenada | D80: GRD | E80: .. | F80: .. | G80: .. | H80: .. | I80: .. | J80: .. | K80: .. | L80: .. | M80: .. | N80: .. | O80: .. | P80: .. | Q80: .. | R80: .. | S80: .. | T80: .. | U80: .. | V80: .. | W80: .. | X80: .. | Y80: .. | Z80: .. | AA80: .. | AB80: .. | AC80: .. | AD80: ..
A81: Carbon dioxide (CO2) emissions from Agriculture (Mt CO2e) | B81: EN.GHG.CO2.AG.MT.CE.AR5 | C81: Guam | D81: GUM | E81: .. | F81: .. | G81: .. | H81: .. | I81: .. | J81: .. | K81: .. | L81: .. | M81: .. | N81: .. | O81: .. | P81: .. | Q81: .. | R81: .. | S81: .. | T81: .. | U81: .. | V81: .. | W81: .. | X81: .. | Y81: .. | Z81: .. | AA81: .. | AB81: .. | AC81: .. | AD81: ..
A82: Carbon dioxide (CO2) emissions from Agriculture (Mt CO2e) | B82: EN.GHG.CO2.AG.MT.CE.AR5 | C82: Guatemala | D82: GTM | E82: 0.2561 | F82: 0.2096 | G82: 0.1619 | H82: 0.0995 | I82: 0.2104 | J82: 0.2072 | K82: 0.2859 | L82: 0.1949 | M82: 0.243 | N82: 0.2721 | O82: 0.2605 | P82: 0.2909 | Q82: 0.3308 | R82: 0.3884 | S82: 0.4112 | T82: 0.3428 | U82: 0.3836 | V82: 0.4056 | W82: 0.4788 | X82: 0.4423 | Y82: 0.5684 | Z82: 0.4347 | AA82: 0.3803 | AB82: 0.3849 | AC82: 0.3895 | AD82: ..
A83: Carbon dioxide (CO2) emissions from Agriculture (Mt CO2e) | B83: EN.GHG.CO2.AG.MT.CE.AR5 | C83: Guinea | D83: GIN | E83: .. | F83: .. | G83: .. | H83: .. | I83: .. | J83: .. | K83: .. | L83: .. | M83: .. | N83: .. | O83: .. | P83: .. | Q83: .. | R83: .. | S83: .. | T83: .. | U83: .. | V83: .. | W83: .. | X83: .. | Y83: .. | Z83: .. | AA83: .. | AB83: .. | AC83: .. | AD83: ..
